Company Name,Ticker,TrailingPER,ForwardPER,EPSGrowth,ROE,PayoutRatio,MarketCap,Sector,Beta,DebtToEquity
3M,MMM,29.465363,16.953934,0.328,0.81891996,0.5364,85553192960.0,Industrials,1.074,437.937
A. O. Smith,AOS,15.86351,13.93678,-0.15,0.27133,0.3955,7739993600.0,Industrials,1.153,36.766
Abbott Laboratories,ABT,33.20712,16.917128,-0.475,0.10576,0.7896,177554636800.0,Healthcare,0.586,63.212
Accenture,ACN,14.480031,12.353157,0.09,0.24406,0.5088,110938972160.0,Technology,1.092,25.035
Adobe Inc.,ADBE,13.898381,8.994958,0.105,0.61902,0.0,98945695744.0,Technology,1.417,57.48
Advanced Micro Devices,AMD,142.81122,35.95345,1.595,0.10196,0.0,913892179968.0,Technology,2.476,6.361
Aflac,AFL,12.549083,15.425436,0.468,0.16908,0.2567,58321264640.0,Financial Services,0.58,53.365
Agilent Technologies,A,30.861933,23.155527,0.085,0.20971,0.1998,44119191552.0,Healthcare,1.241,56.336
Airbnb,ABNB,37.94977,26.866573,0.334,0.34542,0.0,99530153984.0,Consumer Cyclical,1.161,32.004
Akamai Technologies,AKAM,37.869564,14.49193,-0.268,0.08918,0.0,15021259776.0,Technology,0.635,196.672
Align Technology,ALGN,25.582323,11.763112,-0.121,0.10155,0.0,10486193152.0,Healthcare,1.643,2.855
Allegion,ALLE,19.984253,15.579807,0.162,0.3373,0.2782,12949401600.0,Industrials,0.841,104.895
Alliant Energy,LNT,20.761076,17.799925,-0.04,0.11135,0.65980005,17010373632.0,Utilities,0.532,160.951
Allstate,ALL,5.0026035,9.049241,0.612,0.46113998,0.0833,63171502080.0,Financial Services,0.15,22.261
Alphabet Inc. (Class A),GOOGL,17.529589,23.527227,2.94,0.48676,0.042600002,4274851676160.0,Communication Services,1.225,18.859
Alphabet Inc. (Class C),GOOG,17.280983,23.201982,2.94,0.48676,0.042600002,4212111966208.0,Communication Services,1.225,18.859
Amazon,AMZN,20.411102,24.453907,2.423,0.30558002,0.0,2736595664896.0,Consumer Cyclical,1.443,45.617
Ameren,AEE,17.998241,17.57254,0.119,0.11943,0.5141,28301688832.0,Utilities,0.47,157.846
American Electric Power,AEP,20.833332,17.500772,-0.432,0.10130999,0.65510005,65327685632.0,Utilities,0.5,160.789
American Express,AXP,18.893875,15.493029,0.11,0.34377,0.2148,210399526912.0,Financial Services,1.048,172.38
American International Group,AIG,13.74635,8.57337,-0.101,0.0722,0.3376,39389544448.0,Financial Services,0.511,22.466
American Tower,AMT,23.931223,24.81869,1.385,0.33914003,0.9601,81067728896.0,Real Estate,0.895,438.721
American Water Works,AWK,23.593748,20.698006,0.086,0.10095,0.5854,27007268864.0,Utilities,0.58,137.745
Ameriprise Financial,AMP,13.160784,10.535054,0.117,0.63432,0.157,48082419712.0,Financial Services,1.134,67.578
Ametek,AME,34.74269,24.792854,0.142,0.14562,0.1901,54481641472.0,Industrials,0.989,20.522
Amgen,AMGN,23.953415,15.803838,0.649,0.91473,0.6087,208494723072.0,Healthcare,0.426,490.281
Amphenol,APH,38.775,23.687853,0.593,0.38115,0.2288,191235735552.0,Technology,1.242,120.415
Analog Devices,ADI,44.67539,22.98246,1.635,0.12227,0.4964,182060941312.0,Technology,1.205,27.314
Aon plc,AON,16.288706,14.598527,-0.03,0.44699,0.1684,62712766464.0,Financial Services,0.66,163.481
APA Corporation,APA,9.466245,10.218629,0.263,0.26659,0.21100001,15720271872.0,Energy,0.366,48.854
Apollo Global Management,APO,44.80783,11.728105,0.637,0.11412,0.7447,74355294208.0,Financial Services,1.514,100.969
Apple Inc.,AAPL,38.502865,35.057915,0.287,1.4875101,0.1204,4905541566464.0,Technology,1.085,78.445
Applied Materials,AMAT,38.325,24.089682,0.428,0.41068,0.16479999,352809615360.0,Technology,1.597,28.666
AppLovin,APP,23.66052,14.685756,0.57,2.03686,0.0,103489527808.0,Communication Services,2.488,111.13
Aptiv,APTV,19.723982,6.659008,-0.353,0.05158,0.0,9050736640.0,Consumer Cyclical,1.33,64.938
Arch Capital Group,ACGL,7.581377,9.93661,-0.071,0.19936001,0.0,33061689344.0,Financial Services,0.282,17.836
Archer Daniels Midland,ADM,23.273224,14.8526325,3.156,0.07642,0.5628,41053319168.0,Consumer Defensive,0.613,39.134
Ares Management,ARES,56.78899,17.210531,0.065,0.14941,2.2661,41073860608.0,Financial Services,1.517,172.378
Arthur J. Gallagher & Co.,AJG,39.649006,16.082468,-0.107,0.06722,0.44779998,61388537856.0,Financial Services,0.506,59.401
Assurant,AIZ,13.510293,12.04389,0.305,0.18341999,0.16469999,13920647168.0,Financial Services,0.542,36.211
AT&T,T,8.382838,9.905663,0.062,0.18339,0.36630002,174050590720.0,Communication Services,0.431,129.054
Atmos Energy,ATO,19.10608,17.770357,0.233,0.09792,0.46130002,27088867328.0,Utilities,0.594,67.662
Autodesk,ADSK,28.102331,15.278825,0.596,0.53854,0.0,45342547968.0,Technology,1.309,109.518
Automatic Data Processing,ADP,24.791592,20.242655,0.098,0.72239,0.6069,107745607680.0,Technology,0.83,91.436
Avery Dennison,AVY,18.349016,14.992527,0.108,0.3116,0.4179,12710429696.0,Consumer Cyclical,0.814,158.653
Axon Enterprise,AXON,186.56667,42.345898,-0.182,0.06221,0.0,36374867968.0,Industrials,1.399,50.363
Baker Hughes,BKR,18.408361,18.402916,-0.042,0.16463,0.2958,56830590976.0,Energy,0.961,80.925
Ball Corporation,BALL,17.234957,13.299373,0.092,0.17151,0.2292,15921907712.0,Consumer Cyclical,0.951,131.495
Becton Dickinson,BDX,31.250433,13.612198,-0.314,0.06607,0.7249,49285672960.0,Healthcare,0.276,68.84
Berkshire Hathaway,BRK-B,12.817953,22.970331,1.078,0.121199995,0.0,1091269558272.0,Financial Services,0.603,17.142
Best Buy,BBY,15.44925,12.872216,0.701,0.43126,0.63560003,19473215488.0,Consumer Cyclical,1.305,130.097
Biogen,BIIB,38.277084,13.03229,-0.848,0.04575,0.0,31840987136.0,Healthcare,0.171,44.329
BlackRock,BLK,25.629612,16.634682,0.196,0.122779995,0.5243,173813792768.0,Financial Services,1.429,23.192
Blackstone Inc.,BX,28.017937,16.694946,0.573,0.31374002,1.1119,149364408320.0,Financial Services,1.558,68.185
"Block, Inc.",XYZ,136.21428,14.70696,-0.833,0.01612,0.0,45828640768.0,Technology,2.522,32.58
Boston Scientific,BSX,17.546558,12.654458,0.151,0.15338999,0.0,62809608192.0,Healthcare,0.568,50.151
Bristol Myers Squibb,BMY,13.889869,9.605719,1.531,0.46598998,0.5529,128813588480.0,Healthcare,0.227,201.859
Broadcom,AVGO,45.555412,18.448807,2.153,0.44245,0.324,1707097718784.0,Technology,1.457,59.604
Broadridge Financial Solutions,BR,16.992708,14.092307,0.084,0.40916002,0.4063,18600376320.0,Technology,0.91,123.939
Brown & Brown,BRO,20.77316,13.4752,0.071,0.10023,0.2061,21756364800.0,Financial Services,0.582,63.975
Brown–Forman,BF-B,16.735485,15.135513,0.057,0.18122,0.59319997,11902939136.0,Consumer Defensive,0.331,61.502
Bunge Global,BG,24.909483,10.191098,0.33,0.071779996,0.6078,22205128704.0,Consumer Defensive,0.66,97.995
"BXP, Inc.",BXP,33.962364,28.418854,-0.232,0.05308,1.5054,11426026496.0,Real Estate,1.033,211.631
C.H. Robinson,CHRW,29.140953,20.40079,0.238,0.37123,0.479,17877073920.0,Industrials,0.943,121.188
Cadence Design Systems,CDNS,56.242542,29.63725,1.254,0.23229,0.0,77908672512.0,Technology,1.137,38.661
Camden Property Trust,CPT,32.71287,90.935776,-0.757,0.07885,1.3927001,11471413248.0,Real Estate,0.782,125.648
Carnival Corporation,CCL,9.837838,8.386163,-0.065,0.26689,0.1351,29913137152.0,Consumer Cyclical,2.312,201.556
Carrier Global,CARR,38.485714,16.31042,-0.118,0.08966,0.6643,44414636032.0,Industrials,1.298,91.998
Carvana,CVNA,34.449738,28.783245,0.615,0.58773,0.0,72172077056.0,Consumer Cyclical,3.497,110.88
Casey's,CASY,28.752645,25.47145,0.277,0.19983,0.1137,22082961408.0,Consumer Cyclical,0.592,70.547
Caterpillar Inc.,CAT,34.81024,24.986303,0.682,0.56972003,0.2601,371872366592.0,Industrials,1.594,232.783
Cboe Global Markets,CBOE,21.267342,17.924192,0.502,0.26297,0.2245,28495044608.0,Financial Services,0.408,28.09
CBRE Group,CBRE,31.922197,15.337491,-0.042,0.15798001,0.0,40395755520.0,Real Estate,1.188,117.789
CDW Corporation,CDW,17.54982,12.134438,0.049,0.44009998,0.3023,18276296704.0,Technology,0.941,263.278
Cencora,COR,22.940565,15.589689,0.119,0.96871,0.1745,58923614208.0,Healthcare,0.574,446.516
CenterPoint Energy,CNP,22.750002,18.30986,0.233,0.09825,0.5357,25176289280.0,Utilities,0.451,210.256
CF Industries,CF,9.473294,11.949198,0.996,0.29867,0.14840001,19325878272.0,Basic Materials,0.399,40.504
Charles Schwab Corporation,SCHW,19.17122,13.484306,0.426,0.20273,0.2149,182012575744.0,Financial Services,0.753,151.106
Charter Communications,CHTR,3.336023,3.0618727,0.161,0.27201998,0.0,16656665600.0,Communication Services,0.687,441.578
Chevron Corporation,CVX,20.16458,15.447548,3.219,0.12231,0.6718,410975502336.0,Energy,0.491,18.959
Chipotle Mexican Grill,CMG,30.953703,24.398611,-0.013,0.49560001,0.0,42302922752.0,Consumer Cyclical,0.937,246.35
Chubb Limited,CB,12.075151,11.704559,-0.007,0.14822,0.1393,131418873856.0,Financial Services,0.382,30.941
Church & Dwight,CHD,30.368591,23.46848,0.09,0.17041,0.38619998,22475069440.0,Consumer Defensive,0.472,55.851
Ciena,CIEN,77.85714,29.571627,4.229,0.22396,0.0,49462812672.0,Technology,1.309,107.496
Cigna,CI,11.384615,8.229224,0.102,0.16758,0.2539,72740118528.0,Healthcare,0.317,74.29
Cincinnati Financial,CINF,7.9792256,18.712864,0.855,0.21484,0.1709,25937790976.0,Financial Services,0.545,5.255
Cintas,CTAS,40.25255,32.316612,0.156,0.40714002,0.3666,79089516544.0,Industrials,0.913,52.646
Cisco,CSCO,32.885887,19.547468,0.521,0.27319,0.4985,431752708096.0,Technology,0.992,62.017
Clorox,CLX,17.276506,13.273509,-0.501,1.6376,1.0312,10049367040.0,Consumer Defensive,0.544,2221.429
CME Group,CME,23.390678,21.352411,0.025,0.15802,0.95419997,99247472640.0,Financial Services,0.275,14.587
CMS Energy,CMS,19.680721,15.723739,-0.439,0.09158,0.6692,20489129984.0,Utilities,0.331,185.604
Coca-Cola Company (The),KO,26.501503,25.025663,0.169,0.42054,0.6246,379699953664.0,Consumer Defensive,0.342,115.519
Cognizant,CTSH,12.84764,9.4735365,0.038,0.14924,0.2747,26968094720.0,Technology,0.83,14.479
Colgate-Palmolive,CL,34.437008,21.292498,-0.055,2.67367,0.8228,69728706560.0,Consumer Defensive,0.323,1388.163
Comcast,CMCSA,7.2884617,6.3516006,-0.668,0.114879996,0.42310002,80696000512.0,Communication Services,0.662,100.474
Comfort Systems USA,FIX,40.66412,27.441206,0.919,0.55292,0.064,58118856704.0,Industrials,1.676,11.498
ConocoPhillips,COP,17.414795,13.706977,1.07,0.1418,0.4365,158372315136.0,Energy,0.134,35.639
Consolidated Edison,ED,17.340462,16.245268,0.221,0.08962,0.5715,38991032320.0,Utilities,0.259,110.113
Constellation Brands,STZ,11.341278,9.626907,0.307,0.2369,0.38950002,20320593920.0,Consumer Defensive,0.4,123.205
Constellation Energy,CEG,24.9227,19.140306,-0.468,0.15055001,0.1592,90245636096.0,Utilities,1.117,76.419
Cooper Companies (The),COO,19.0,11.779494,3.571,0.06838,0.0,10513686528.0,Healthcare,0.818,33.634
Copart,CPRT,18.890324,16.537703,-0.146,0.1616,0.0,27107760128.0,Industrials,1.029,0.97
Corning Inc.,GLW,69.18433,34.513756,0.185,0.16813,0.5161,129320239104.0,Technology,1.151,71.448
Corpay,CPAY,24.17994,12.648173,-0.07,0.29215,0.0,26116763648.0,Technology,0.873,275.291
Corteva,CTVA,48.80606,19.547968,-0.099,0.04256,0.4364,53729296384.0,Basic Materials,0.577,19.191
CoStar Group,CSGP,161.6111,16.400467,12.61,0.00894,0.0,11787198464.0,Real Estate,0.747,14.537
Costco,COST,45.10378,39.566135,0.152,0.29152,0.2701,397051002880.0,Consumer Defensive,0.855,24.567
CRH plc,CRH,15.220849,13.262334,0.139,0.15812,0.26860002,57314258944.0,Basic Materials,1.198,77.592
CSX Corporation,CSX,27.38372,20.735106,0.227,0.24357,0.314,87251566592.0,Industrials,1.207,138.068
Cummins,CMI,27.23797,15.425155,0.047,0.21114,0.409,73269166080.0,Industrials,1.226,59.586
CVS Health,CVS,23.440632,10.416923,1.888,0.06205,0.7018,113623719936.0,Healthcare,0.58,95.503
Danaher Corporation,DHR,37.75579,22.78046,0.597,0.07605,0.2567,148899479552.0,Healthcare,0.808,52.97
Darden Restaurants,DRI,20.045979,16.881163,0.36,0.53718,0.5747,23762020352.0,Consumer Cyclical,0.59,364.507
Datadog,DDOG,459.84,77.3238,14.985,0.04696,0.0,82558525440.0,Technology,1.488,29.259
DaVita,DVA,15.594572,10.658317,0.558,0.88475,0.0,11730268160.0,Healthcare,0.83,1241.986
Deckers Brands,DECK,11.156472,9.42032,0.011,0.42558,0.0,10680742912.0,Consumer Cyclical,1.15,20.521
Deere & Company,DE,38.084076,30.121647,0.074,0.18242,0.36020002,184421072896.0,Industrials,0.911,230.298
Delta Air Lines,DAL,13.20398,9.301543,-0.254,0.20125,0.1244,52359946240.0,Industrials,1.291,96.649
Devon Energy,DVN,10.567391,9.067185,0.44,0.11522,0.22610001,53471002624.0,Energy,0.426,28.488
Dexcom,DXCM,35.316204,28.600603,0.436,0.38491002,0.0,33717184512.0,Healthcare,1.419,53.346
Diamondback Energy,FANG,36.58175,10.303807,1.795,0.034930002,0.79050004,53881405440.0,Energy,0.414,28.678
Digital Realty,DLR,88.83903,65.9129,-0.587,0.02912,2.3805,68780113920.0,Real Estate,1.037,67.944
Dollar General,DG,15.897404,14.813587,0.333,0.19692,0.3065,27005702144.0,Consumer Defensive,0.235,169.811
Dollar Tree,DLTR,13.720589,14.158136,1.972,0.46032003,0.0,21007089664.0,Consumer Defensive,0.662,223.945
Dominion Energy,D,22.0,16.664003,-0.58,0.08281,0.9239,55920263168.0,Utilities,0.622,160.459
DoorDash,DASH,101.01571,23.691092,-0.3,0.088870004,0.0,83600506880.0,Consumer Cyclical,1.788,33.276
Dover Corporation,DOV,22.662634,16.1177,0.141,0.14914,0.2515,25241767936.0,Industrials,1.146,42.316
D. R. Horton,DHI,13.157293,11.779004,-0.048,0.12632,0.1668,38604369920.0,Consumer Cyclical,1.371,29.451
DTE Energy,DTE,20.303318,15.364715,0.224,0.1103,0.72550005,26743478272.0,Utilities,0.388,229.06
Duke Energy,DUK,17.700302,16.388779,0.106,0.098570004,0.6416,91638398976.0,Utilities,0.364,162.155
DuPont,DD,55.3691,16.1976,1.496,0.01792,1.3003999,17421893632.0,Basic Materials,1.085,22.902
Eaton Corporation,ETN,43.211597,26.328268,-0.159,0.19684,0.43580002,164980670464.0,Industrials,1.168,105.059
eBay Inc.,EBAY,23.495796,16.639835,0.55,0.46611,0.2521,49768800256.0,Consumer Cyclical,1.339,153.012
Ecolab,ECL,36.21774,28.616241,0.033,0.21956,0.3812,75537342464.0,Basic Materials,0.89,138.023
Edison International,EIX,5.707947,8.505436,0.551,0.19734,0.35709998,21284061184.0,Utilities,0.614,228.042
Edwards Lifesciences,EW,52.535717,26.13454,-0.254,0.09175,0.0,50873065472.0,Healthcare,0.852,6.568
Elevance Health,ELV,18.167551,13.911853,-0.131,0.11133,0.3034,89122439168.0,Healthcare,0.696,68.953
Emcor,EME,23.374573,20.411175,0.348,0.40348998,0.0405,33086396416.0,Industrials,1.13,13.432
Emerson Electric,EMR,32.80525,20.687666,0.23,0.128,0.4798,83625377792.0,Industrials,1.233,67.677
Entergy,ETR,26.089514,19.984718,-0.019,0.10248999,0.64449996,48738082816.0,Utilities,0.481,186.77
EOG Resources,EOG,11.224124,9.742999,1.094,0.22507,0.314,75652841472.0,Energy,0.272,25.891
EQT Corporation,EQT,11.600928,12.924405,-0.74,0.11078,0.1514,31275802624.0,Energy,0.576,19.595
Equifax,EFX,27.920914,15.628443,0.007,0.14275,0.3726,18664824832.0,Industrials,1.305,120.956
Equinix,EQIX,65.93545,54.637978,0.288,0.10735,1.2677,100777345024.0,Real Estate,0.973,162.217
Erie Indemnity,ERIE,21.692377,17.062813,0.032,0.24808,0.64589995,12499893248.0,Financial Services,0.305,2.56
Essex Property Trust,ESS,42.06386,42.867527,-0.718,0.0771,1.6075,18615324672.0,Real Estate,0.706,122.409
Everest Group,EG,7.921598,6.2734346,-0.115,0.12572,0.1691,14372774912.0,Financial Services,0.277,23.26
Evergy,EVRG,20.300253,17.476336,0.23,0.092539996,0.7004,18394648576.0,Utilities,0.51,160.554
Eversource Energy,ES,17.589611,13.774111,-0.854,0.09016,0.8,25508415488.0,Utilities,0.698,180.7
Exelon,EXC,15.466911,13.846559,-0.002,0.09711,0.6029,43342782464.0,Utilities,0.389,177.362
Expand Energy,EXE,7.542241,10.054946,-0.455,0.14893,0.275,20254265344.0,Energy,0.323,19.207
Expedia Group,EXPE,17.55814,11.417905,1.887,0.89489,0.1107,33528168448.0,Consumer Cyclical,1.25,230.271
Expeditors International,EXPD,27.833818,24.085474,0.515,0.4267,0.23,24820410368.0,Industrials,1.058,26.745
Extra Space Storage,EXR,30.178808,28.455227,0.06,0.06953,1.4305,30172246016.0,Real Estate,1.176,101.674
ExxonMobil,XOM,21.047619,15.155684,1.128,0.12584,0.5251,672462077952.0,Energy,0.175,15.921
"F5, Inc.",FFIV,34.397293,23.899748,0.114,0.1983,0.0,24464642048.0,Technology,1.03,6.546
FactSet,FDS,18.709953,14.384583,-0.096,0.27032,0.2938,10094567424.0,Financial Services,0.711,77.284
Fastenal,FAST,41.88889,34.93752,0.146,0.34334,0.78629994,56238854144.0,Industrials,0.713,10.851
Federal Realty Investment Trust,FRT,22.406063,34.764755,-0.456,0.12550999,0.9131,9695567872.0,Real Estate,0.919,134.114
FedEx,FDX,16.3781,14.556909,-0.043,0.14846,0.3127,71864975360.0,Industrials,1.364,135.697
First Solar,FSLR,12.088835,8.428706,0.233,0.18509,0.0,21059780608.0,Technology,1.733,1.88
FirstEnergy,FE,24.203207,15.345493,0.083,0.09491,0.9626,26189242368.0,Utilities,0.441,200.908
Flex Ltd.,FLEX,41.895756,15.259221,0.52,0.18378,0.0,40083918848.0,Technology,1.654,107.818
Fortinet,FTNT,60.014133,44.957737,0.439,1.17442,0.0,124613926912.0,Technology,1.059,36.194
Fortive,FTV,29.100529,16.933653,0.04,0.07318,0.127,16610937856.0,Technology,0.973,59.283
Fox Corporation (Class A),FOXA,16.783854,11.044809,0.031,0.14291,0.1458,27097194496.0,Communication Services,0.559,64.06
Fox Corporation (Class B),FOX,15.036459,10.050479,0.031,0.14291,0.1458,24276060160.0,Communication Services,0.559,64.06
Franklin Resources,BEN,22.45578,10.379785,1.067,0.07887,0.8912,16771617792.0,Financial Services,1.57,24.805
Freeport-McMoRan,FCX,35.06863,17.243084,0.281,0.14755,0.2941,102732693504.0,Basic Materials,1.401,32.149
Garmin,GRMN,28.282766,24.903135,0.353,0.21886998,0.387,52853166080.0,Technology,0.866,2.513
GE Aerospace,GE,36.97294,34.57791,0.194,0.48231998,0.1958,326074761216.0,Industrials,1.35,113.225
GE HealthCare,GEHC,14.776497,11.853491,0.168,0.19376,0.0323,28966637568.0,Healthcare,0.821,93.965
GE Vernova,GEV,26.966736,37.152172,0.328,0.82577,0.0573,250441465856.0,Industrials,0.967,28.364
Gen Digital,GEN,16.964912,8.771797,0.64,0.41944,0.2924,17365008384.0,Technology,1.215,307.831
Generac,GNRC,47.68736,16.747942,0.92,0.09491,0.0,12252223488.0,Industrials,1.913,49.003
General Dynamics,GD,21.51432,18.994131,0.134,0.17803,0.3768,95520210944.0,Industrials,0.321,35.335
General Motors,GM,36.696426,5.4789844,-0.262,0.03164,0.29459998,74345914368.0,Consumer Cyclical,1.321,202.341
Genuine Parts Company,GPC,512.32,15.422426,-0.098,0.0070700003,16.74,17657077760.0,Consumer Cyclical,0.656,146.415
Global Payments,GPN,40.312798,5.319954,-0.952,0.02428,0.4739,22508439552.0,Industrials,0.785,98.273
Globe Life,GL,11.530585,10.498697,0.197,0.20944999,0.0798,13327230976.0,Financial Services,0.462,55.675
GoDaddy,GDDY,14.481426,8.837905,0.298,4.42861,0.0,12343085056.0,Technology,0.94,57334.33
Goldman Sachs,GS,14.537036,12.724152,0.923,0.16902,0.2625,274283446272.0,Financial Services,1.283,725.381
Halliburton,HAL,17.612566,11.590966,0.161,0.14917,0.35599998,28026505216.0,Energy,0.769,74.186
Hartford (The),HIG,9.102139,9.634813,0.361,0.22061001,0.1602,35725307904.0,Financial Services,0.45,22.33
Healthpeak Properties,DOC,58.085716,145.21428,0.682,0.03039,3.4857998,14412898304.0,Real Estate,0.989,108.653
Henry Schein,HSIC,24.734692,14.143888,0.171,0.088549994,0.0,9455124480.0,Healthcare,0.812,80.733
Hershey Company (The),HSY,23.195354,17.205736,6.31,0.32808998,0.77099997,34115166208.0,Consumer Defensive,0.097,129.821
Hewlett Packard Enterprise,HPE,31.319586,13.216424,4.102,0.10936,0.2874,80656760832.0,Technology,1.442,76.464
Home Depot (The),HD,21.007004,18.719736,0.046,1.0429599,0.648,299286921216.0,Consumer Cyclical,0.955,380.261
Honeywell Technologies,HON,7.9346657,20.772694,2.639,0.46577,0.3614,65435435008.0,Industrials,0.901,185.369
Hormel Foods,HRL,33.596775,13.408174,-0.672,0.042930003,1.8831,11463806976.0,Consumer Defensive,0.315,36.326
Host Hotels & Resorts,HST,14.657718,20.68985,0.084,0.15558,0.5369,15172826112.0,Real Estate,1.101,85.298
Howmet Aerospace,HWM,49.391396,35.564358,0.33,0.34732,0.1034,91592720384.0,Industrials,1.186,81.368
Hubbell Incorporated,HUBB,26.460629,19.50494,-0.009,0.24444,0.33040002,23611934720.0,Industrials,0.889,141.642
Humana,HUM,36.539265,23.311161,0.271,0.06893,0.3346,46377414656.0,Healthcare,0.745,76.485
Huntington Ingalls Industries,HII,16.251339,13.096382,0.365,0.12968001,0.32700002,10751938560.0,Industrials,0.225,55.252
IBM,IBM,20.368235,17.439816,-0.018,0.34460998,0.5977,216266948608.0,Technology,0.708,188.97
IDEX Corporation,IEX,32.18993,23.241608,0.109,0.12955,0.5165,16492615680.0,Industrials,0.972,47.06
Idexx Laboratories,IDXX,35.955727,30.565063,0.176,0.74211,0.0,40308359168.0,Healthcare,1.538,67.971
Illinois Tool Works,ITW,24.3819,21.72607,0.101,1.04618,0.5833,76730818560.0,Industrials,0.997,334.853
Incyte,INCY,15.9630575,14.102783,0.377,0.30667,0.0,25400053760.0,Healthcare,0.77,0.603
Insulet Corporation,PODD,26.378988,18.234024,3.286,0.26016,0.0,9751200768.0,Healthcare,1.079,66.685
Interactive Brokers,IBKR,35.9881,28.462301,0.353,0.24018998,0.13,154519044096.0,Financial Services,1.349,205.748
Intercontinental Exchange,ICE,21.95904,17.665781,0.142,0.14094,0.2821,87280001024.0,Financial Services,0.934,69.226
Intuit,INTU,18.408623,11.087414,-0.014,0.23596,0.2916,81023287296.0,Technology,0.976,44.34
Invitation Homes,INVH,24.688072,37.85396,0.605,0.070539996,1.0917,15893670912.0,Real Estate,0.831,94.425
IQVIA,IQV,33.178085,18.425283,-0.006,0.22818,0.0,43852734464.0,Healthcare,1.186,257.975
J.B. Hunt,JBHT,33.32148,23.331953,0.458,0.18448,0.2532,21999572992.0,Industrials,1.289,38.373
Jabil,JBL,37.49312,17.793272,0.276,0.65876,0.0401,31391068160.0,Technology,1.292,297.136
Jack Henry & Associates,JKHY,22.184814,19.71775,-0.104,0.24040002,0.341,10856937472.0,Technology,0.564,3.793
Jacobs Solutions,J,47.641193,17.363192,-0.254,0.07998,0.4518,16783335424.0,Industrials,0.679,124.734
Johnson & Johnson,JNJ,31.321344,21.977207,-0.009,0.25742,0.6079,650648485888.0,Healthcare,0.235,57.709
Johnson Controls,JCI,40.360565,23.59404,0.153,0.14332,0.45069999,86790635520.0,Industrials,1.304,70.107
Kenvue,KVUE,20.95294,14.365104,0.085,0.15581,0.97650003,34208974848.0,Consumer Defensive,0.426,81.617
Keurig Dr Pepper,KDP,31.272726,12.21456,-0.9,0.051,0.9293,42131169280.0,Consumer Defensive,0.414,99.649
Keysight Technologies,KEYS,45.33153,24.150114,1.091,0.20897,0.0,57031991296.0,Technology,1.208,42.094
Kimberly-Clark,KMB,19.339922,13.081558,-0.323,1.04913,1.0040001,32546185216.0,Consumer Defensive,0.273,348.933
Kimco Realty,KIM,26.197676,25.602274,-0.058,0.05806,1.1977,15112885248.0,Real Estate,0.956,84.993
Kinder Morgan,KMI,20.541937,20.623232,0.212,0.109910004,0.7581,70901383168.0,Energy,0.551,98.619
KKR & Co.,KKR,31.568687,13.336176,0.4,0.0728,0.23959999,91259977728.0,Financial Services,1.791,69.812
KLA Corporation,KLAC,48.22616,26.395184,0.138,0.87496,0.2186,231245725696.0,Technology,1.444,96.88
Kroger,KR,32.43243,10.884748,0.136,0.14442,0.7568,35760001024.0,Consumer Defensive,0.406,413.24
L3Harris,LHX,25.004044,18.264566,0.283,0.0934,0.49490002,46049013760.0,Industrials,0.506,52.753
Labcorp,LH,26.504957,16.165861,0.282,0.11728,0.2382,26009579520.0,Healthcare,0.851,79.124
Lam Research,LRCX,50.019093,24.726564,0.348,0.65066004,0.18059999,360518057984.0,Technology,1.859,33.049
Las Vegas Sands,LVS,15.496124,11.387718,-0.198,1.22869,0.4264,25895092224.0,Consumer Cyclical,0.819,1703.902
Leidos,LDOS,11.9225025,10.014667,-0.067,0.27781,0.1578,16024099840.0,Technology,0.572,123.276
Lennar,LEN,14.475378,13.862539,-0.48,0.05962,0.3788,18411616256.0,Consumer Cyclical,1.398,27.736
Lennox International,LII,15.958685,13.743739,0.001,0.71757007,0.2337,12415232000.0,Industrials,1.184,156.082
Lilly (Eli),LLY,38.78002,24.352015,0.262,1.02286,0.2169,1028115464192.0,Healthcare,0.502,162.071
Linde plc,LIN,29.703226,23.543587,0.113,0.18400998,0.4,212235255808.0,Basic Materials,0.727,68.947
Lockheed Martin,LMT,19.667404,16.284359,4.438,0.89165,0.5033,123099168768.0,Industrials,0.104,234.238
Loews Corporation,L,13.223313,37.162067,0.156,0.09313,0.0307,22031173632.0,Financial Services,0.507,44.609
Lululemon Athletica,LULU,8.070782,11.162577,-0.059,0.30898002,0.0,10856224768.0,Consumer Cyclical,0.864,44.689
Marathon Petroleum,MPC,14.7428875,9.959271,3.48,0.42099,0.1356,119319642112.0,Energy,0.527,133.328
Marsh McLennan,MRSH,21.368742,15.337802,0.073,0.25902998,0.4396,83516743680.0,Financial Services,0.577,145.027
Martin Marietta Materials,MLM,31.90117,24.052727,-0.232,0.08894,0.2159,34844950528.0,Basic Materials,1.101,54.945
Marvell Technology,MRVL,81.14618,36.127113,0.5,0.16523,0.0795,219508604928.0,Technology,2.253,28.525
Mastercard,MA,31.125551,24.54917,0.221,2.41202,0.17930001,495155838976.0,Financial Services,0.735,439.583
McCormick & Company,MKC,8.106489,14.782271,-0.142,0.24728,0.3095,13098447872.0,Consumer Defensive,0.634,65.143
Medtronic,MDT,22.692118,14.381246,0.407,0.106479995,0.70199996,117846974464.0,Healthcare,0.574,55.365
Meta Platforms,META,25.084776,19.043377,-0.134,0.29848,0.0791,1696002211840.0,Communication Services,1.243,42.997
MetLife,MET,18.590038,8.885975,0.058,0.13094,0.4397,61666680832.0,Financial Services,0.759,179.933
MGM Resorts,MGM,22.915154,18.300623,5.194,0.18924999,0.0,9673735168.0,Consumer Cyclical,1.282,893.311
Micron Technology,MU,22.94038,6.489501,13.685,0.66638,0.0112,1147237564416.0,Technology,2.222,6.33
Microsoft,MSFT,27.47802,20.929373,0.317,0.34039003,0.1983,3666585845760.0,Technology,1.108,29.118
Mid-America Apartment Communities,MAA,34.774853,36.2639,0.137,0.0705,1.7807001,14148364288.0,Real Estate,0.715,102.377
Mondelez International,MDLZ,22.289377,18.100153,1.449,0.13340001,0.73260003,77663346688.0,Consumer Defensive,0.402,82.643
Monolithic Power Systems,MPWR,74.39218,34.9233,0.858,0.21979,0.4344,59846348800.0,Technology,1.664,0.486
Monster Beverage,MNST,41.398144,34.15219,0.18,0.25704,0.0,87589199872.0,Consumer Defensive,0.515,0.992
Moody's Corporation,MCO,29.751745,24.76148,0.567,0.76932,0.25,81150877696.0,Financial Services,1.334,240.682
Morgan Stanley,MS,16.376719,14.849326,0.624,0.17969999,0.3231,318165319680.0,Financial Services,1.207,517.282
Motorola Solutions,MSI,36.14421,23.703876,0.095,0.91567004,0.3719,75907039232.0,Technology,0.881,357.85
"Nasdaq, Inc.",NDAQ,27.271137,19.989656,0.141,0.16521999,0.32650003,52286742528.0,Financial Services,0.974,77.687
NetApp,NTAP,27.897036,17.785366,0.635,1.14818,0.2938,38849716224.0,Technology,1.432,169.498
Netflix,NFLX,22.575472,18.78872,0.111,0.49541,0.0,298929225728.0,Communication Services,1.526,55.236
Newmont,NEM,15.542822,12.1026745,0.114,0.25905,0.1286,130036170752.0,Basic Materials,0.543,15.807
News Corp (Class A),NWSA,28.912622,19.699417,-0.749,0.07979,0.1942,15966097408.0,Communication Services,0.923,31.561
News Corp (Class B),NWS,31.728157,21.617762,-0.749,0.07979,0.1942,17520887808.0,Communication Services,0.923,31.561
NextEra Energy,NEE,18.083147,18.30457,0.531,0.11677,0.53470004,167858667520.0,Utilities,0.644,161.676
"Nike, Inc.",NKE,16.909523,15.515018,4.28,0.22138001,0.77620006,52679036928.0,Consumer Cyclical,1.11,74.289
NiSource,NI,21.585108,18.010342,-0.584,0.085489996,0.617,19460548608.0,Utilities,0.54,146.649
Nordson Corporation,NDSN,31.535425,23.998566,0.23,0.17763,0.33200002,17354252288.0,Industrials,0.972,55.619
Norfolk Southern,NSC,26.828352,21.936832,-0.044,0.16985,0.46080002,70562963456.0,Industrials,1.268,105.519
Northrop Grumman,NOC,16.77449,17.319885,-0.058,0.26958,0.2988,74922622976.0,Industrials,-0.11,95.348
Norwegian Cruise Line Holdings,NCLH,8.557576,8.344118,6.163,0.3673,0.0,6483732480.0,Consumer Cyclical,1.881,621.051
Nucor,NUE,19.807018,12.458544,0.938,0.14548999,0.17799999,56351383552.0,Basic Materials,1.881,30.512
Nvidia,NVDA,28.064394,14.173006,1.278,1.17211,0.0354,5367153557504.0,Technology,2.217,16.971
"NVR, Inc.",NVR,15.99519,15.020788,-0.226,0.31544,0.0,16471900160.0,Consumer Cyclical,0.913,32.15
NXP Semiconductors,NXPI,19.453072,12.599537,0.726,0.27921,0.3461,57490911232.0,Technology,1.817,93.325
Occidental Petroleum,OXY,17.356932,14.582404,9.649,0.10629,0.295,58818662400.0,Energy,0.164,34.511
Old Dominion,ODFL,33.269234,26.012691,0.323,0.24818,0.2192,35978514432.0,Industrials,1.165,0.44
Omnicom Group,OMC,206.94594,6.519881,0.588,0.060510002,8.3784,21006669824.0,Communication Services,0.673,107.744
ON Semiconductor,ON,45.738564,15.451195,0.366,0.08312,0.0,27244519424.0,Technology,1.997,65.055
Oneok,OKE,16.141623,15.013461,0.142,0.16277,0.72540003,58918043648.0,Energy,0.719,143.07
Oracle Corporation,ORCL,23.100157,13.42252,0.545,0.41192,0.31350002,446333681664.0,Technology,1.732,251.716
Paccar,PCAR,24.433683,16.064558,0.042,0.12755999,0.2821,61089914880.0,Industrials,0.972,72.91
Packaging Corporation of America,PKG,30.229872,17.741982,-0.195,0.14887,0.6818,20739409920.0,Consumer Cyclical,0.797,94.474
Palantir Technologies,PLTR,153.13794,76.47041,2.154,0.38097,0.0,426879287296.0,Technology,1.621,2.139
Paramount Skydance Corporation,PSKY,340.33334,12.00047,-0.541,-0.00896,6.6667,11455066112.0,Communication Services,1.52,126.479
Parker Hannifin,PH,33.106667,24.094769,0.193,0.25076,0.2598,118930825216.0,Industrials,1.123,56.66
Paychex,PAYX,23.750511,18.163818,0.434,0.44769,0.90589994,41343574016.0,Technology,0.808,123.967
PayPal,PYPL,9.907372,9.059308,-0.031,0.24497,0.0794,44834705408.0,Financial Services,1.286,71.751
Pentair,PNR,14.412371,10.819261,-0.111,0.17126,0.268,8924831744.0,Industrials,1.018,47.067
PepsiCo,PEP,17.005241,14.456196,1.37,0.51508,0.7533,177238507520.0,Consumer Defensive,0.361,238.949
PG&E Corporation,PCG,9.496403,7.3267393,0.398,0.09318,0.1259,29071243264.0,Utilities,0.245,189.45
Phillips 66,PSX,15.589612,11.11434,3.449,0.23452999,0.282,109507379200.0,Energy,0.704,62.884
Pinnacle West Capital,PNW,18.082533,16.92215,-0.095,0.09365,0.6958,11417991168.0,Utilities,0.437,233.288
PPG Industries,PPG,14.995696,12.064909,-0.015,0.19297001,0.4075,23234795520.0,Basic Materials,1.063,86.938
PPL Corporation,PPL,19.72781,15.748479,0.212,0.086330004,0.65980005,25089845248.0,Utilities,0.583,135.434
Principal Financial Group,PFG,16.762108,11.325945,0.028,0.12949,0.45439997,25193693184.0,Financial Services,0.872,35.307
Procter & Gamble,PG,22.113293,19.782967,-0.155,0.30290002,0.6433,340016005120.0,Consumer Defensive,0.377,64.49
Progressive Corporation,PGR,10.716867,13.10989,0.05,0.34943,0.6974,124053233664.0,Financial Services,0.259,24.428
Prologis,PLD,30.031181,39.600586,0.853,0.07749,0.9265,131076800512.0,Real Estate,1.316,63.823
Prudential Financial,PRU,10.734362,7.9688406,0.892,0.12011,0.4986,40847998976.0,Financial Services,0.819,163.891
Public Service Enterprise Group,PEG,17.35572,14.932304,-0.427,0.11835,0.6468,34774765568.0,Utilities,0.519,142.409
PTC Inc.,PTC,13.180407,15.252721,-0.12,0.35053003,0.0,14744915968.0,Technology,1.002,46.335
Public Storage,PSA,28.30086,28.972116,0.451,0.21929,1.145,55366201344.0,Real Estate,0.935,109.632
PulteGroup,PHM,11.977529,10.448327,-0.182,0.14901,0.1021,22336430080.0,Consumer Cyclical,1.201,19.065
Quanta Services,PWR,72.76686,32.295567,0.947,0.15337,0.049200002,95725142016.0,Industrials,1.2,67.78
Qualcomm,QCOM,20.28767,17.416683,-0.23,0.33754003,0.4103,189815717888.0,Technology,1.679,55.21
Quest Diagnostics,DGX,26.134676,20.439205,0.15,0.14602,0.2611,27201513472.0,Healthcare,0.549,81.074
Ralph Lauren Corporation,RL,21.141956,16.022392,0.216,0.37537,0.2355,19966009344.0,Consumer Cyclical,1.353,110.373
Raymond James Financial,RJF,14.376091,11.604327,0.42,0.18416001,0.1848,31648475136.0,Financial Services,0.917,47.594
Reddit,RDDT,35.163174,15.571629,1.778,0.30712,0.0,29023014912.0,Communication Services,2.022,0.635
RTX Corporation,RTX,34.215168,24.709002,0.287,0.12274,0.48770002,261465063424.0,Industrials,0.287,57.02
Realty Income,O,41.357662,36.483753,0.692,0.03225,2.3641999,53612716032.0,Real Estate,0.712,74.722
Regency Centers,REG,24.562288,28.980843,0.089,0.081870005,1.0009999,13638639616.0,Real Estate,0.807,71.972
Regeneron Pharmaceuticals,REGN,19.417368,12.945983,-0.045,0.14043,0.090100005,80804225024.0,Healthcare,0.193,8.535
Republic Services,RSG,30.931915,27.059324,0.051,0.18152,0.3541,66775867392.0,Industrials,0.4,118.798
ResMed|,RMD,21.550768,17.003323,0.024,0.24269,0.2301,32455325696.0,Healthcare,0.766,12.542
Revvity,RVTY,68.96635,24.34401,0.012,0.03211,0.1346,16007068672.0,Healthcare,1.089,46.225
Robinhood Markets,HOOD,53.0177,35.401524,0.476,0.23618999,0.0,107728044032.0,Financial Services,2.34,240.279
Rockwell Automation,ROK,38.988743,27.976122,0.404,0.30629,0.5103,46247677952.0,Industrials,1.515,103.347
"Rollins, Inc.",ROL,29.481817,24.93522,0.031,0.37008998,0.649,15603546112.0,Consumer Cyclical,0.736,78.015
Roper Technologies,ROP,15.543786,15.343887,2.33,0.13066,0.1446,36864311296.0,Technology,0.747,60.531
Ross Stores,ROST,27.434624,25.341156,0.705,0.42628,0.2056,72692203520.0,Consumer Cyclical,0.861,70.281
Royal Caribbean Group,RCL,15.192212,12.113128,-0.046,0.44669998,0.30879998,65742393344.0,Consumer Cyclical,1.75,224.816
S&P Global,SPGI,24.639513,20.046244,0.177,0.14255,0.2349,119488339968.0,Financial Services,1.077,42.98
Salesforce,CRM,21.76761,14.859358,1.189,0.19381,0.1568,195808165888.0,Technology,1.202,110.417
Schlumberger,SLB,24.936584,15.803385,-0.297,0.12909001,0.5659,75869396992.0,Energy,0.774,47.002
Seagate Technology,STX,61.82793,15.509631,1.488,3.7152898,0.21149999,195282829312.0,Technology,2.087,179.88
Sempra,SRE,23.568115,14.672657,0.713,0.06679,0.7551,53168635904.0,Utilities,0.564,84.663
ServiceNow,NOW,84.14286,27.064177,-0.219,0.14244,0.0,140057280512.0,Technology,0.972,67.538
Sherwin-Williams,SHW,29.56037,23.582048,0.143,0.65124,0.2934,77859823616.0,Basic Materials,1.089,389.958
Simon Property Group,SPG,14.489768,30.208912,-0.125,1.20508,0.621,77944299520.0,Real Estate,1.312,503.504
Skyworks Solutions,SWKS,45.98964,17.885607,-0.686,0.05094,1.4714999,13355964416.0,Technology,1.518,11.869
Snap-on,SNA,19.00664,17.441124,0.051,0.17932,0.4827,19250249728.0,Industrials,0.712,21.595
Solventum,SOLV,10.860635,12.287146,0.039,0.33960998,0.0,15122675712.0,Healthcare,0.687,110.313
Southern Company,SO,20.607227,17.367817,0.304,0.114829995,0.71809995,98379038720.0,Utilities,0.316,182.058
Southwest Airlines,LUV,25.6125,8.752838,0.205,0.11099,0.45,20047751168.0,Industrials,1.12,97.275
Stanley Black & Decker,SWK,21.9022,14.041611,2.478,0.06886,0.8117,13528071168.0,Industrials,1.173,58.172
Steel Dynamics,STLD,21.348455,12.0226345,0.836,0.17568001,0.1869,33719367680.0,Basic Materials,1.515,46.924
Steris,STE,25.066013,16.741907,0.14,0.11389,0.3081,19991422976.0,Healthcare,0.914,28.312
Stryker Corporation,SYK,28.539417,16.44075,0.441,0.16508,0.36060002,105528614912.0,Healthcare,0.768,64.391
Supermicro,SMCI,11.990798,7.3395767,4.347,0.21465999,0.0,25680777216.0,Technology,1.996,63.951
Synopsys,SNPS,67.30245,21.965788,0.893,0.03661,0.0,73774358528.0,Technology,1.227,34.804
Sysco,SYY,21.59836,14.716642,0.053,0.77692,0.59290004,37909872640.0,Consumer Defensive,0.627,564.591
T-Mobile US,TMUS,17.61047,11.647991,0.053,0.17994,0.4121,180401897472.0,Communication Services,0.331,214.035
T. Rowe Price,TROW,10.468342,10.091841,0.286,0.19399999,0.5161,22218979328.0,Financial Services,1.48,3.702
Targa Resources,TRGP,27.934034,24.188736,0.233,0.70839995,0.4063,62654603264.0,Energy,0.722,515.794
Target Corporation,TGT,16.40975,16.5683,1.005,0.26408002,0.473,71865204736.0,Consumer Defensive,0.986,107.583
TE Connectivity,TEL,20.11949,15.907826,0.192,0.23290001,0.285,59471802368.0,Technology,1.158,43.441
Teledyne Technologies,TDY,29.223246,22.545069,0.212,0.09154,0.0,27973795840.0,Technology,0.908,18.565
Teradyne,TER,51.096287,31.87908,3.858,0.36465,0.0687,58075897856.0,Technology,1.778,2.883
"Tesla, Inc.",TSLA,343.65094,165.76111,-0.03,0.046669997,0.0,1438701584384.0,Consumer Cyclical,1.845,18.373
Texas Instruments,TXN,40.5228,25.048735,0.518,0.35176,0.85410005,243508379648.0,Technology,1.314,78.036
Texas Pacific Land Corporation,TPL,44.926117,4.8231673,0.327,0.36566,0.2891,24325302272.0,Energy,0.618,1.077
Textron,TXT,15.007534,10.972005,0.052,0.12126,0.0150999995,13705637888.0,Industrials,0.898,52.285
Thermo Fisher Scientific,TMO,35.099678,23.662271,0.094,0.13515,0.09689999,240871882752.0,Healthcare,0.854,80.575
TJX Companies,TJX,23.562962,22.038548,0.236,0.62171,0.325,139960696832.0,Consumer Cyclical,0.593,134.419
TKO Group Holdings,TKO,66.17483,40.429283,0.144,0.07063,1.0912,35821182976.0,Communication Services,0.643,59.216
Trade Desk (The),TTD,16.571428,13.984187,-0.236,0.15441,0.0,6540732416.0,Communication Services,1.005,16.863
Tractor Supply,TSCO,16.776041,15.726386,-0.15,0.39513,0.4896,16782701568.0,Consumer Cyclical,0.469,248.71
Trane Technologies,TT,31.975409,24.482183,0.071,0.36643,0.29659998,94414143488.0,Industrials,1.197,53.404
Travelers Companies (The),TRV,10.062315,12.388936,0.571,0.26511,0.1223,78136377344.0,Financial Services,0.451,27.378
Tyler Technologies,TYL,44.29134,21.98475,0.155,0.09731,0.0,13821391872.0,Technology,0.835,47.906
Tyson Foods,TSN,32.574074,12.783616,2.041,0.03263,1.2530999,18564564992.0,Consumer Defensive,0.371,44.025
Uber,UBER,15.460526,16.00207,0.855,0.3716,0.0,144000483328.0,Technology,1.159,51.872
"UDR, Inc.",UDR,21.455696,60.535717,0.909,0.13739,1.0918,12453647360.0,Real Estate,0.685,156.144
Ulta Beauty,ULTA,19.700655,16.863714,0.133,0.46117002,0.0,23130937344.0,Consumer Cyclical,0.854,95.472
Union Pacific Corporation,UNP,22.639383,19.724142,0.066,0.39696,0.447,165966872576.0,Industrials,0.966,150.772
United Airlines Holdings,UAL,10.178839,7.448584,-0.172,0.23252001,0.0,35283976192.0,Industrials,1.272,201.641
United Parcel Service,UPS,18.412638,12.267644,-0.53,0.29602,1.2193,84278419456.0,Industrials,1.038,189.9
United Rentals,URI,24.372837,17.694668,0.255,0.28895,0.18090001,63108280320.0,Industrials,1.787,166.793
UnitedHealth Group,UNH,24.206808,16.668907,0.615,0.14152999,0.5752,338303483904.0,Healthcare,0.622,69.211
Universal Health Services,UHS,7.2147818,7.3852425,0.101,0.20948,0.0327,10413493248.0,Healthcare,1.061,68.74
Valero Energy,VLO,17.241552,11.07206,4.535,0.27637,0.1943,118994657280.0,Energy,0.568,40.148
Veeva Systems,VEEV,42.72742,25.384756,0.395,0.14425,0.0,42130300928.0,Healthcare,0.974,2.041
Ventas,VTR,157.61818,109.73418,-0.067,0.02012,3.6364002,44467322880.0,Real Estate,0.724,84.928
Veralto,VLTO,23.801006,19.809307,0.101,0.34312,0.1259,23036033024.0,Industrials,0.759,115.978
Verizon,VZ,12.5234375,9.108507,-0.22,0.15842,0.7279,199803142144.0,Communication Services,0.24,184.081
Vertex Pharmaceuticals,VRTX,29.571842,25.249094,0.08,0.23542999,0.0,128844324864.0,Healthcare,0.32,9.767
Vertiv,VRT,56.423077,27.33832,0.53,0.43943,0.0509,96012197888.0,Industrials,2.075,70.166
Vici Properties,VICI,9.193798,7.93311,-0.414,0.09849,0.69769996,26117558272.0,Real Estate,0.682,60.277
Visa Inc.,V,31.317177,24.545631,0.102,0.6119,0.22129999,691411156992.0,Financial Services,0.761,67.821
Vistra Corp.,VST,23.721754,13.570836,-0.062,0.42962003,0.1535,47213801472.0,Utilities,1.414,373.28
Vulcan Materials Company,VMC,28.399765,22.633951,0.027,0.13234,0.2382,31206447104.0,Basic Materials,1.054,58.22
W. R. Berkley Corporation,WRB,14.401234,14.458025,0.15,0.20207001,0.0761,25982214144.0,Financial Services,0.283,31.527
W. W. Grainger,GWW,32.253883,24.814037,0.205,0.46091,0.23629999,59658526720.0,Industrials,1.034,61.977
Wabtec,WAB,37.766846,22.522509,0.189,0.11553001,0.1507,47333888000.0,Industrials,0.921,61.686
Walmart,WMT,38.67029,33.043858,-0.091,0.22313999,0.3496,849365827584.0,Consumer Defensive,0.595,71.653
Walt Disney Company (The),DIS,21.169073,13.729625,-0.483,0.0801,0.3093,177278943232.0,Communication Services,1.409,39.404
Waste Management,WM,29.90085,23.156122,0.083,0.29841,0.5007,84379877376.0,Industrials,0.431,235.301
WEC Energy Group,WEC,20.033009,17.198153,0.197,0.11988,0.71650004,33617879040.0,Utilities,0.457,157.985
Welltower,WELL,102.632286,71.971695,0.356,0.03836,1.3274001,164917313536.0,Real Estate,0.76,41.375
West Pharmaceutical Services,WST,46.390526,36.31598,0.181,0.19087,0.1114,25497841664.0,Healthcare,1.135,10.585
Western Digital,WDC,16.395245,13.901307,9.841,1.30853,0.0186,159128338432.0,Technology,2.182,13.436
Weyerhaeuser,WY,32.151512,31.555779,0.871,0.04974,1.2727,15294017536.0,Real Estate,0.89,57.625
"Williams-Sonoma, Inc.",WSM,23.01848,21.323706,0.42,0.54960996,0.2913,26406090752.0,Consumer Cyclical,1.463,71.369
Williams Companies,WMB,28.705181,27.743656,0.512,0.21503,0.8167,88129224704.0,Energy,0.618,200.371
Willis Towers Watson,WTW,19.205702,13.563699,-0.268,0.19761999,0.2328,28788443136.0,Financial Services,0.417,91.39
"Workday, Inc.",WDAY,39.565304,14.663316,2.06,0.16006,0.0,46722670592.0,Technology,1.082,58.39
Xcel Energy,XEL,19.80822,15.923988,0.24,0.0992,0.637,45161062400.0,Utilities,0.399,173.135
Xylem Inc.,XYL,25.609524,17.221972,0.195,0.09182999,0.3952,25113841664.0,Industrials,1.0,28.642
Zebra Technologies,ZBRA,31.830118,15.614203,1.215,0.15286,0.0,16399294464.0,Technology,1.607,86.23
Zimmer Biomet,ZBH,23.145632,10.516959,0.338,0.06413,0.233,18188746752.0,Healthcare,0.471,60.175
Zoetis,ZTS,11.6476345,10.93174,0.012,0.64911,0.3361,29504165888.0,Healthcare,0.729,293.996
