"Fecha","Último","Apertura","Máximo","Mínimo","Vol.","% var."
"25.08.2026","418,50","415,20","419,68","407,00","1,69M","0,41%"
"24.08.2026","416,80","412,36","416,80","412,36","2,10M","0,91%"
"21.08.2026","413,05","412,08","418,72","408,50","3,26M","0,99%"
"20.08.2026","409,00","395,78","409,00","393,00","2,27M","2,30%"
"19.08.2026","399,80","403,97","403,98","394,01","1,99M","-1,04%"
"18.08.2026","403,99","402,94","405,00","394,50","2,38M","-0,25%"
"17.08.2026","405,00","399,95","406,40","394,98","1,48M","1,25%"
"14.08.2026","400,00","399,99","401,89","394,97","1,64M","0,00%"
"13.08.2026","399,99","400,00","404,15","395,00","1,36M","0,00%"
"12.08.2026","400,00","400,56","402,25","397,00","1,19M","-0,80%"
"11.08.2026","403,22","407,46","409,99","400,92","894,33K","-1,04%"
"10.08.2026","407,45","397,44","409,99","397,44","4,35M","2,17%"
"07.08.2026","398,80","397,79","399,48","394,99","1,50M","0,75%"
"06.08.2026","395,85","384,66","396,00","384,66","4,29M","2,55%"
"05.08.2026","386,00","380,00","387,98","380,00","3,12M","1,44%"
"04.08.2026","380,51","386,07","387,76","380,51","922,76K","-1,60%"
"03.08.2026","386,70","380,00","387,78","379,50","2,44M","1,23%"
"31.07.2026","382,00","380,08","382,00","378,50","1,04M","0,04%"
"30.07.2026","381,83","381,13","381,90","376,77","2,79M","0,19%"
"29.07.2026","381,10","382,36","383,00","379,47","815,13K","-0,50%"
"28.07.2026","383,00","387,81","387,81","377,56","964,08K","-0,52%"
"27.07.2026","385,00","379,59","394,78","379,59","3,36M","1,03%"
"24.07.2026","381,09","377,38","382,00","377,00","727,26K","1,08%"
"23.07.2026","377,00","384,00","384,00","374,98","1,09M","-1,82%"
"22.07.2026","383,98","379,87","385,90","379,87","1,07M","0,78%"
"21.07.2026","380,99","379,58","385,17","379,05","2,27M","-0,13%"
"20.07.2026","381,48","382,76","382,96","374,01","400,73K","-0,39%"
"17.07.2026","382,96","383,52","383,52","373,46","2,56M","-0,27%"
"15.07.2026","383,99","384,65","384,92","380,62","817,63K","0,68%"
"14.07.2026","381,40","381,75","382,22","379,55","2,32M","-0,94%"
"13.07.2026","385,00","381,41","385,00","379,05","894,19K","0,65%"
"10.07.2026","382,50","378,00","382,50","376,50","2,02M","1,32%"
"09.07.2026","377,51","378,62","380,58","374,00","1,13M","-0,75%"
"08.07.2026","380,37","379,25","380,47","375,00","4,15M","-0,48%"
"07.07.2026","382,19","376,34","385,12","376,34","1,19M","1,65%"
"06.07.2026","376,00","378,86","379,00","375,00","2,23M","0,30%"
"03.07.2026","374,87","380,72","383,38","374,00","800,32K","-1,54%"
"02.07.2026","380,72","380,00","383,78","378,31","288,27K","0,19%"
"01.07.2026","380,00","382,98","382,99","375,56","1,73M","-1,30%"
"30.06.2026","385,00","383,00","386,77","383,00","2,58M","0,26%"
"26.06.2026","384,00","384,00","386,75","381,39","1,81M","-0,78%"
"25.06.2026","387,00","385,01","389,00","385,01","4,03M","0,39%"
"24.06.2026","385,50","392,15","392,92","384,57","1,67M","-1,15%"
"23.06.2026","390,00","390,64","391,36","387,00","2,63M","-1,16%"
"22.06.2026","394,58","391,00","396,65","391,00","1,11M","0,44%"
"19.06.2026","392,87","389,47","395,00","387,01","417,91K","1,75%"
"18.06.2026","386,13","388,00","391,00","384,00","2,02M","-0,48%"
"17.06.2026","388,00","392,44","395,30","384,30","2,10M","-1,27%"
"16.06.2026","393,00","391,90","395,00","388,44","1,09M","1,29%"
"15.06.2026","388,00","398,44","398,46","388,00","767,55K","-1,65%"
"12.06.2026","394,50","394,77","394,82","382,23","3,52M","0,90%"
"11.06.2026","391,00","375,27","391,74","375,27","5,42M","4,02%"
"10.06.2026","375,89","374,00","377,38","369,95","1,33M","0,51%"
"09.06.2026","374,00","362,04","375,01","362,04","7,04M","3,30%"
"08.06.2026","362,04","365,93","365,93","357,51","439,29K","-1,08%"
"05.06.2026","366,00","365,59","368,83","358,78","3,28M","0,11%"
"04.06.2026","365,59","364,14","368,67","362,92","1,93M","1,09%"
"03.06.2026","361,64","363,83","364,00","354,45","931,36K","-1,30%"
"02.06.2026","366,40","372,69","373,49","364,71","704,34K","-1,69%"
"01.06.2026","372,69","380,41","380,41","367,50","2,76M","-3,08%"
"29.05.2026","384,54","390,00","390,00","384,10","7,59M","-1,40%"
"28.05.2026","390,00","382,74","393,00","382,74","1,60M","0,12%"
"27.05.2026","389,55","381,17","395,00","381,17","2,54M","1,02%"
"26.05.2026","385,62","381,95","388,05","375,01","8,72M","1,13%"
"25.05.2026","381,32","380,00","381,75","365,58","2,18M","3,66%"
"22.05.2026","367,85","366,66","368,82","365,88","1,05M","1,33%"
"20.05.2026","363,03","350,39","371,24","350,39","4,27M","3,25%"
"19.05.2026","351,61","343,47","357,51","343,47","2,48M","2,37%"
"18.05.2026","343,48","337,93","345,65","337,93","799,00K","-1,86%"
"15.05.2026","350,00","358,00","358,00","350,00","3,14M","-2,34%"
"14.05.2026","358,40","363,24","365,81","353,01","4,05M","-1,27%"
"13.05.2026","363,00","375,15","375,15","360,01","2,76M","-2,42%"
"12.05.2026","372,00","374,66","375,16","368,10","6,02M","-2,11%"
"11.05.2026","380,00","382,84","382,84","373,36","2,48M","-0,11%"
"08.05.2026","380,40","376,20","381,00","375,01","1,46M","0,11%"
"07.05.2026","380,00","382,00","386,00","376,24","1,73M","0,79%"
"06.05.2026","377,04","366,20","377,04","366,20","2,08M","4,73%"
"05.05.2026","360,00","364,00","370,90","359,56","9,79M","-1,64%"
"04.05.2026","366,00","381,80","381,80","365,10","2,11M","-4,14%"
"30.04.2026","381,80","391,01","391,01","378,13","5,33M","-2,35%"
"29.04.2026","391,00","400,24","400,24","386,00","7,19M","-2,19%"
"28.04.2026","399,76","404,00","405,00","398,77","5,69M","-1,29%"
"27.04.2026","405,00","407,90","407,90","403,00","1,34M","-0,98%"
"24.04.2026","409,00","408,49","413,94","405,21","5,46M","-0,24%"
"23.04.2026","410,00","404,84","411,93","400,70","3,47M","1,23%"
"22.04.2026","405,00","408,58","409,16","403,99","7,05M","-1,10%"
"21.04.2026","409,50","412,00","412,65","407,39","878,04K","-0,61%"
"20.04.2026","412,00","416,10","420,61","411,99","2,26M","-3,06%"
"17.04.2026","425,00","420,61","425,00","420,00","710,14K","2,31%"
"16.04.2026","415,39","410,00","418,00","410,00","4,00M","1,31%"
"15.04.2026","410,01","408,34","411,51","407,30","5,06M","-0,80%"
"14.04.2026","413,30","410,01","417,29","410,01","1,73M","-0,17%"
"13.04.2026","414,00","410,00","416,20","405,00","4,62M","-0,72%"
"10.04.2026","417,00","416,00","420,24","405,76","3,62M","0,48%"
"09.04.2026","415,00","410,16","421,00","409,50","7,67M","1,22%"
"08.04.2026","410,00","405,00","414,00","403,61","9,23M","3,02%"
"07.04.2026","398,00","401,89","403,55","394,00","8,71M","-1,00%"
"06.04.2026","402,02","394,96","406,60","394,96","9,63M","2,16%"
"02.04.2026","393,51","393,98","395,30","385,01","3,81M","-1,62%"
"01.04.2026","400,00","390,69","402,88","389,00","15,11M","3,62%"
"31.03.2026","386,03","376,29","390,00","368,01","13,58M","2,94%"
"30.03.2026","375,00","380,00","380,00","370,10","1,77M","-1,06%"
"27.03.2026","379,00","384,35","384,35","373,00","3,37M","-1,56%"
"26.03.2026","385,00","380,41","385,00","375,10","2,59M","0,26%"
"25.03.2026","384,00","390,00","391,02","377,96","6,97M","-1,54%"
"24.03.2026","389,99","390,00","394,17","380,39","10,50M","-0,51%"
"23.03.2026","392,00","398,33","398,45","388,29","5,60M","-0,76%"
"20.03.2026","395,00","398,00","400,44","394,00","1,23M","-0,75%"
"19.03.2026","398,00","400,00","402,58","397,57","4,49M","-0,50%"
"18.03.2026","400,00","406,10","406,10","400,00","3,49M","-1,74%"
"17.03.2026","407,09","408,99","416,50","406,25","1,35M","-0,62%"
"16.03.2026","409,64","406,00","412,80","398,39","25,12M","0,90%"
"13.03.2026","406,00","413,99","414,41","400,11","5,30M","-1,22%"
"12.03.2026","411,00","417,28","417,49","409,00","1,86M","-1,44%"
"11.03.2026","417,00","413,10","421,00","413,10","10,53M","2,71%"
"10.03.2026","406,00","401,00","406,00","400,90","4,66M","1,50%"
"09.03.2026","400,00","396,55","402,01","390,00","2,85M","-0,12%"
"06.03.2026","400,50","403,00","405,49","398,00","2,98M","-0,34%"
"05.03.2026","401,87","405,97","407,98","398,00","1,91M","-0,77%"
"04.03.2026","405,00","397,01","408,00","397,01","4,90M","2,02%"
"03.03.2026","397,00","412,10","412,10","395,10","14,12M","-5,02%"
"02.03.2026","418,00","438,00","438,00","418,00","3,43M","-4,57%"
"27.02.2026","438,00","428,00","438,00","424,00","18,06M","1,86%"
"26.02.2026","430,00","421,69","433,01","419,13","6,79M","1,90%"
"25.02.2026","422,00","412,11","423,00","412,11","2,05M","2,43%"
"24.02.2026","412,00","408,00","413,52","406,27","1,06M","1,48%"
"23.02.2026","406,00","408,00","413,58","405,90","1,55M","-0,49%"
"20.02.2026","408,00","407,26","410,50","403,01","2,31M","0,25%"
"19.02.2026","407,00","418,02","418,02","407,00","5,12M","-2,21%"
"18.02.2026","416,20","416,10","420,97","416,10","2,27M","0,05%"
"17.02.2026","416,00","413,70","421,90","413,70","2,91M","0,73%"
"16.02.2026","413,00","411,01","429,00","409,46","2,75M","0,29%"
"13.02.2026","411,80","417,14","417,14","410,00","1,65M","-1,48%"
"12.02.2026","417,99","423,35","426,00","417,00","7,45M","-1,42%"
"11.02.2026","424,00","429,84","433,77","420,88","1,90M","-1,36%"
"10.02.2026","429,84","435,44","435,44","427,01","2,91M","-1,96%"
"09.02.2026","438,42","440,00","441,90","435,00","1,35M","-0,33%"
"06.02.2026","439,86","451,00","453,01","439,10","1,41M","-2,90%"
"05.02.2026","453,00","448,16","453,00","441,50","1,83M","0,02%"
"04.02.2026","452,90","451,95","454,99","443,53","2,61M","0,21%"
"03.02.2026","451,95","445,00","457,99","445,00","5,76M","1,56%"
"02.02.2026","445,00","439,50","445,00","429,98","2,60M","1,25%"
"30.01.2026","439,50","437,58","441,48","434,19","1,65M","-0,57%"
"29.01.2026","442,00","435,50","443,90","429,99","9,69M","1,49%"
"28.01.2026","435,51","438,60","444,00","433,17","3,40M","-0,12%"
"27.01.2026","436,02","425,34","438,01","425,34","9,52M","2,96%"
"26.01.2026","423,50","416,61","424,61","416,61","31,70M","2,05%"
"23.01.2026","415,00","408,00","422,28","408,00","10,65M","1,72%"
"22.01.2026","408,00","411,00","411,00","403,43","9,15M","-0,49%"
"21.01.2026","410,00","417,00","417,00","409,49","5,91M","-1,82%"
"20.01.2026","417,60","417,00","418,07","416,00","6,99M","-0,10%"
"19.01.2026","418,00","421,00","421,50","416,00","2,56M","-0,62%"
"16.01.2026","420,59","427,02","427,03","415,20","3,64M","-1,27%"
"15.01.2026","426,00","428,69","431,64","422,62","12,82M","-0,47%"
"14.01.2026","428,00","435,90","435,90","426,00","6,99M","-0,93%"
"13.01.2026","432,02","425,01","436,16","425,01","8,75M","1,01%"
"12.01.2026","427,70","425,33","430,44","425,33","14,51M","0,80%"
"09.01.2026","424,30","418,99","425,49","417,99","9,81M","1,56%"
"08.01.2026","417,80","419,00","419,00","415,99","4,05M","0,06%"
"07.01.2026","417,55","422,10","422,75","416,54","14,64M","-0,63%"
"06.01.2026","420,21","420,00","427,44","419,90","11,84M","0,07%"
"05.01.2026","419,90","415,00","421,42","412,20","2,74M","0,99%"
"02.01.2026","415,80","419,70","421,64","415,80","1,52M","-0,88%"
"30.12.2025","419,50","418,60","422,12","418,60","5,90M","-0,12%"
"29.12.2025","420,00","419,50","420,09","414,86","12,87M","-0,59%"
"26.12.2025","422,50","425,00","426,00","421,22","9,26M","-0,12%"
"24.12.2025","423,00","425,34","428,99","423,00","2,48M","-1,15%"
"23.12.2025","427,91","428,24","428,24","426,00","1,06M","0,02%"
"22.12.2025","427,81","430,01","432,56","427,05","1,02M","-0,04%"
"19.12.2025","428,00","429,96","434,10","428,00","1,77M","0,23%"
"18.12.2025","427,00","428,00","430,78","425,00","687,13K","0,00%"
"17.12.2025","427,00","430,00","437,00","426,00","4,08M","-0,70%"
"16.12.2025","430,00","430,93","432,00","427,90","3,71M","-0,05%"
"15.12.2025","430,20","438,10","440,03","430,13","2,96M","-0,87%"
"12.12.2025","433,98","441,00","447,09","431,00","5,39M","-1,37%"
"11.12.2025","440,00","428,00","441,34","428,00","4,05M","2,73%"
"10.12.2025","428,29","426,76","431,00","425,23","1,52M","0,42%"
"09.12.2025","426,51","433,21","434,00","425,00","2,14M","-2,18%"
"05.12.2025","436,02","436,00","439,21","436,00","856,99K","-0,09%"
"04.12.2025","436,41","437,20","439,00","436,00","3,73M","-0,14%"
"03.12.2025","437,04","438,10","444,52","436,00","3,88M","-0,90%"
"02.12.2025","441,00","443,00","445,01","440,00","5,75M","-0,90%"
"01.12.2025","445,01","454,92","454,92","443,00","2,45M","-2,20%"
"28.11.2025","455,00","450,51","455,00","443,50","1,59M","1,00%"
"27.11.2025","450,48","449,70","451,00","446,80","753,75K","0,16%"
"26.11.2025","449,74","444,00","453,00","444,00","865,35K","1,52%"
"25.11.2025","443,00","436,00","447,42","432,86","2,01M","1,61%"
"24.11.2025","436,00","430,00","436,96","430,00","1,13M","0,69%"
"21.11.2025","433,00","444,91","444,91","432,20","1,87M","-2,37%"
"20.11.2025","443,50","454,99","455,00","443,50","2,14M","-1,88%"
"19.11.2025","452,00","454,00","460,27","452,00","1,90M","-0,66%"
"18.11.2025","455,00","451,00","460,26","451,00","2,89M","-6,06%"
"17.11.2025","484,34","447,00","484,34","441,28","2,21M","9,10%"
"14.11.2025","443,95","452,11","452,11","440,00","2,44M","-1,67%"
"13.11.2025","451,50","470,50","470,50","451,00","2,88M","-3,94%"
"12.11.2025","470,00","460,00","473,13","460,00","5,58M","2,17%"
"11.11.2025","460,00","460,00","464,99","456,98","2,09M","0,00%"
"10.11.2025","460,00","470,00","471,00","460,00","2,33M","-2,13%"
"07.11.2025","470,00","464,00","474,00","464,00","2,66M","1,95%"
"06.11.2025","461,00","467,00","467,00","461,00","1,32M","-1,60%"
"05.11.2025","468,50","463,01","469,00","463,00","1,46M","-0,11%"
"04.11.2025","469,00","467,00","469,00","455,92","1,30M","0,43%"
"03.11.2025","467,00","465,00","467,94","453,71","1,64M","2,64%"
"30.10.2025","455,00","454,56","458,57","450,03","2,27M","0,66%"
"29.10.2025","452,00","447,51","452,00","443,10","2,56M","1,00%"
"28.10.2025","447,51","446,01","450,00","445,66","2,07M","0,11%"
"27.10.2025","447,01","449,66","453,27","447,01","1,07M","0,23%"
"24.10.2025","446,00","433,98","446,85","433,32","2,76M","3,72%"
"23.10.2025","430,00","432,00","432,64","426,39","1,98M","-1,15%"
"22.10.2025","435,00","444,46","445,01","433,00","1,83M","-2,03%"
"21.10.2025","444,00","457,01","457,01","444,00","1,22M","-2,84%"
"20.10.2025","457,00","459,50","459,51","457,00","874,34K","-0,63%"
"17.10.2025","459,90","460,10","462,00","458,00","994,59K","-0,02%"
"16.10.2025","460,00","463,50","469,00","460,00","1,31M","-0,95%"
"15.10.2025","464,42","455,01","464,42","451,00","2,33M","2,07%"
"14.10.2025","455,00","451,00","458,20","451,00","1,42M","0,89%"
"13.10.2025","451,00","460,59","463,00","450,76","3,49M","-1,96%"
"10.10.2025","460,00","451,77","470,00","442,00","4,09M","2,00%"
"09.10.2025","451,00","463,02","465,63","450,43","2,68M","-4,05%"
"08.10.2025","470,05","442,80","470,05","441,51","1,30M","5,77%"
"07.10.2025","444,40","454,50","462,31","443,00","1,16M","-2,12%"
"06.10.2025","454,01","467,24","469,00","454,00","556,34K","-2,36%"
"03.10.2025","465,00","459,75","465,00","450,00","2,83M","1,09%"
"02.10.2025","460,00","464,01","464,01","456,63","1,75M","-1,71%"
"01.10.2025","468,00","467,00","475,84","464,00","1,79M","0,00%"
"30.09.2025","468,00","463,00","468,00","462,29","1,07M","1,08%"
"29.09.2025","463,00","468,00","468,00","462,56","2,51M","-1,49%"
"26.09.2025","470,00","479,64","479,64","470,00","2,43M","-2,40%"
"25.09.2025","481,55","484,00","484,00","479,35","790,11K","-0,53%"
"24.09.2025","484,10","482,69","489,32","479,90","1,84M","0,02%"
"23.09.2025","484,00","484,00","490,00","471,00","4,08M","-0,41%"
"22.09.2025","486,00","478,00","489,00","475,00","4,99M","1,67%"
"17.09.2025","478,00","462,32","478,00","462,32","1,19M","2,36%"
"16.09.2025","466,99","467,00","467,00","463,11","1,19M","0,00%"
"15.09.2025","467,00","474,00","474,00","462,72","2,09M","-0,19%"
"12.09.2025","467,91","477,00","478,85","467,11","2,06M","-1,28%"
"11.09.2025","474,00","464,10","478,00","464,10","2,15M","2,23%"
"10.09.2025","463,67","457,20","465,00","449,72","832,67K","1,15%"
"09.09.2025","458,39","465,76","466,04","457,00","1,43M","-1,63%"
"08.09.2025","466,00","473,00","479,00","466,00","2,39M","-1,48%"
"05.09.2025","473,00","471,36","474,99","465,46","2,05M","1,50%"
"04.09.2025","466,00","457,22","467,33","454,00","15,24M","2,42%"
"03.09.2025","455,00","458,18","463,00","455,00","3,89M","-0,22%"
"02.09.2025","456,00","453,30","465,00","447,49","5,49M","-0,22%"
"01.09.2025","457,00","465,00","466,27","455,00","3,15M","-1,08%"
"29.08.2025","462,00","462,00","463,76","460,00","2,02M","0,43%"
"28.08.2025","460,00","455,00","461,29","455,00","1,46M","0,88%"
"27.08.2025","456,00","450,00","458,75","450,00","3,76M","1,33%"
"26.08.2025","450,00","452,00","455,00","442,35","14,52M","-0,38%"
"25.08.2025","451,70","449,00","456,00","449,00","2,36M","0,83%"
"22.08.2025","448,00","438,04","448,00","434,00","2,01M","1,82%"
"21.08.2025","440,00","443,68","447,50","437,57","1,20M","-0,45%"
"20.08.2025","442,00","449,23","446,61","440,15","3,02M","-1,61%"
"19.08.2025","449,23","457,40","459,99","448,01","4,52M","-1,79%"
"18.08.2025","457,40","450,00","458,00","450,00","2,96M","1,64%"
"14.08.2025","450,00","443,00","452,16","438,43","4,12M","1,55%"
"13.08.2025","443,15","440,00","450,00","440,00","9,28M","0,72%"
"12.08.2025","440,00","443,13","446,00","432,01","2,73M","-0,71%"
"11.08.2025","443,13","437,63","443,13","432,10","2,36M","1,64%"
"08.08.2025","436,00","430,00","436,00","424,97","2,24M","2,11%"
"07.08.2025","427,00","420,00","427,09","418,99","2,88M","1,67%"
"06.08.2025","420,00","420,00","424,21","416,01","1,92M","0,48%"
"05.08.2025","418,00","416,08","418,00","411,66","1,24M","0,48%"
"04.08.2025","416,00","423,00","424,72","410,95","1,74M","-0,72%"
"01.08.2025","419,00","411,50","419,95","411,50","1,85M","1,70%"
"31.07.2025","412,00","414,12","415,00","408,61","1,24M","0,98%"
"30.07.2025","408,00","399,00","412,00","396,58","3,40M","2,26%"
"29.07.2025","399,00","385,62","399,00","385,62","3,13M","2,84%"
"28.07.2025","388,00","396,82","396,82","388,00","2,28M","-2,63%"
"25.07.2025","398,50","395,00","398,50","388,47","3,19M","0,89%"
"24.07.2025","395,00","400,00","403,40","395,00","1,75M","-1,25%"
"23.07.2025","400,00","396,00","400,00","396,00","1,77M","1,01%"
"22.07.2025","396,00","393,90","400,00","393,90","5,35M","1,54%"
"21.07.2025","390,00","387,84","394,32","384,62","2,35M","1,56%"
"18.07.2025","384,00","384,33","387,57","380,20","4,78M","-0,52%"
"17.07.2025","386,00","385,51","393,76","385,51","3,20M","-1,05%"
"15.07.2025","390,10","402,79","403,10","386,01","3,99M","-3,04%"
"14.07.2025","402,35","404,72","404,97","401,70","428,54K","-0,61%"
"11.07.2025","404,80","406,49","406,58","401,10","878,90K","-1,27%"
"10.07.2025","410,00","417,08","417,08","405,72","3,42M","-2,38%"
"09.07.2025","419,98","424,00","424,12","416,80","961,41K","-0,95%"
"08.07.2025","424,00","421,96","428,50","419,91","1,30M","0,48%"
"07.07.2025","421,99","425,00","428,00","420,00","1,35M","-1,54%"
"04.07.2025","428,57","429,39","430,00","428,00","13,13M","-0,27%"
"03.07.2025","429,73","435,00","436,00","424,19","2,03M","-1,21%"
"02.07.2025","435,00","439,00","444,03","434,77","2,35M","-0,91%"
"01.07.2025","439,00","433,00","448,69","433,00","4,59M","1,50%"
"30.06.2025","432,51","423,97","432,57","421,00","7,92M","1,77%"
"27.06.2025","425,00","428,00","429,00","423,49","8,62M","-0,35%"
"26.06.2025","426,50","420,45","426,98","420,45","13,54M","1,60%"
"25.06.2025","419,80","413,12","419,80","411,00","1,49M","2,38%"
"24.06.2025","410,06","403,00","413,10","403,00","1,97M","1,50%"
"23.06.2025","404,00","408,00","408,00","394,33","2,78M","-1,17%"
"19.06.2025","408,79","417,00","417,58","408,79","4,44M","-1,50%"
"18.06.2025","415,00","420,78","420,78","413,00","3,80M","-2,35%"
"17.06.2025","424,99","426,15","426,31","420,00","1,07M","-1,27%"
"16.06.2025","430,45","432,82","434,00","427,78","1,33M","0,11%"
"13.06.2025","429,99","430,42","430,42","420,55","3,97M","-0,47%"
"12.06.2025","432,00","446,76","448,49","431,30","2,54M","-2,48%"
"11.06.2025","443,00","435,00","449,72","435,00","3,86M","2,08%"
"10.06.2025","433,98","419,53","433,98","419,50","3,63M","2,36%"
"09.06.2025","423,99","415,48","426,00","415,48","3,64M","1,82%"
"06.06.2025","416,40","424,14","429,42","416,40","1,84M","-1,33%"
"05.06.2025","422,00","427,50","435,00","413,00","4,00M","-1,86%"
"04.06.2025","430,00","432,78","436,99","421,01","2,25M","0,70%"
"03.06.2025","427,00","418,50","430,00","416,00","2,65M","2,03%"
"02.06.2025","418,50","431,55","434,38","408,00","9,62M","-3,02%"
"30.05.2025","431,55","454,70","454,70","431,55","47,12M","-4,63%"
"29.05.2025","452,50","453,71","459,00","450,10","4,78M","-0,55%"
"28.05.2025","455,00","464,00","466,50","455,00","3,07M","-1,73%"
"27.05.2025","463,00","458,00","465,82","451,00","5,71M","0,22%"
"26.05.2025","461,99","466,00","466,00","461,00","3,35M","0,33%"
"23.05.2025","460,49","454,83","468,04","453,84","5,04M","1,25%"
"22.05.2025","454,83","458,87","458,87","450,88","5,08M","-0,88%"
"20.05.2025","458,87","469,63","471,60","456,89","5,01M","-2,08%"
"19.05.2025","468,64","466,23","476,00","460,73","3,49M","-0,29%"
"16.05.2025","470,00","477,00","477,68","466,98","3,12M","-1,26%"
"15.05.2025","476,00","489,00","492,00","468,00","6,67M","-2,66%"
"14.05.2025","489,00","477,01","500,00","477,01","10,31M","3,49%"
"13.05.2025","472,50","467,00","476,34","465,14","2,89M","1,18%"
"12.05.2025","467,00","464,22","468,99","464,00","4,15M","1,08%"
"09.05.2025","462,00","461,54","467,39","460,00","2,08M","0,69%"
"08.05.2025","458,83","448,00","461,00","448,00","2,02M","2,88%"
"07.05.2025","446,00","442,00","458,00","440,00","5,59M","1,83%"
"06.05.2025","438,00","440,97","447,00","436,00","4,38M","0,23%"
"05.05.2025","437,00","440,71","445,28","431,71","8,76M","-0,46%"
"02.05.2025","439,00","436,00","443,00","436,00","1,58M","0,27%"
"30.04.2025","437,80","429,00","442,16","427,99","2,01M","2,29%"
"29.04.2025","428,00","416,90","429,90","414,63","1,50M","3,38%"
"28.04.2025","414,00","417,80","419,90","411,00","1,38M","-0,91%"
"25.04.2025","417,80","416,00","423,72","416,00","1,41M","-0,52%"
"24.04.2025","420,00","417,00","423,90","416,50","3,63M","0,72%"
"23.04.2025","417,00","405,90","417,00","405,90","1,25M","3,76%"
"22.04.2025","401,88","398,00","408,96","398,00","4,31M","0,97%"
"21.04.2025","398,00","393,79","398,00","392,57","3,09M","1,07%"
"17.04.2025","393,79","380,00","393,82","380,00","511,00K","3,63%"
"16.04.2025","380,00","378,35","382,01","375,00","19,02M","0,00%"
"15.04.2025","380,00","356,00","380,00","356,00","3,78M","6,74%"
"14.04.2025","356,00","350,10","356,21","350,00","3,51M","1,71%"
"11.04.2025","350,00","356,99","356,99","350,00","866,62K","-2,05%"
"10.04.2025","357,32","354,00","359,40","347,29","985,95K","0,94%"
"09.04.2025","354,00","339,72","363,00","337,38","3,62M","3,51%"
"08.04.2025","342,00","342,00","350,88","338,58","1,99M","0,44%"
"07.04.2025","340,50","351,00","351,27","336,50","3,88M","-4,62%"
"04.04.2025","357,00","372,00","372,00","357,00","1,86M","-3,51%"
"03.04.2025","370,00","363,73","375,36","363,72","2,54M","0,31%"
"02.04.2025","368,85","369,17","370,90","365,00","2,04M","-0,09%"
"01.04.2025","369,17","363,68","369,17","362,75","1,80M","1,51%"
"31.03.2025","363,69","370,97","370,99","362,23","1,05M","-1,96%"
"28.03.2025","370,97","369,00","371,00","368,22","1,19M","0,75%"
"27.03.2025","368,22","362,32","369,89","361,00","6,73M","1,63%"
"26.03.2025","362,32","360,53","363,28","356,84","878,35K","0,39%"
"25.03.2025","360,93","358,00","363,33","358,00","1,49M","0,82%"
"24.03.2025","358,00","345,00","358,00","345,00","1,82M","3,41%"
"21.03.2025","346,20","351,00","354,00","346,20","2,92M","-1,37%"
"20.03.2025","351,00","360,74","360,75","351,00","959,09K","-2,23%"
"19.03.2025","358,99","352,92","358,99","350,00","1,32M","1,99%"
"18.03.2025","352,00","351,99","352,00","348,00","1,27M","0,57%"
"17.03.2025","350,00","344,17","350,00","343,00","7,94M","2,94%"
"14.03.2025","340,00","334,62","340,12","334,62","10,20M","1,34%"
"13.03.2025","335,49","327,00","335,49","326,91","9,70M","3,51%"
"12.03.2025","324,10","321,57","324,10","320,00","1,81M","1,28%"
"11.03.2025","320,00","321,25","321,61","318,49","16,89M","0,60%"
"10.03.2025","318,10","315,00","326,21","314,14","6,94M","0,98%"
"07.03.2025","315,00","313,80","315,90","312,67","2,57M","0,37%"
"06.03.2025","313,85","312,00","314,62","312,00","4,28M","0,59%"
"05.03.2025","312,00","306,55","312,00","306,55","6,48M","2,05%"
"04.03.2025","305,74","309,10","309,50","305,56","1,36M","-1,69%"
"03.03.2025","310,98","311,00","315,18","309,00","944,56K","-0,01%"
"28.02.2025","311,00","311,00","311,00","302,50","2,23M","0,32%"
"27.02.2025","310,00","310,00","313,00","307,11","4,17M","0,00%"
"26.02.2025","309,99","300,00","309,99","300,00","9,33M","4,02%"
"25.02.2025","298,00","292,00","298,00","292,00","15,64M","1,81%"
"24.02.2025","292,70","297,09","298,00","292,01","6,14M","-1,88%"
"21.02.2025","298,30","299,40","303,96","297,02","8,58M","0,15%"
"20.02.2025","297,85","303,21","303,22","297,85","3,49M","-0,78%"
"19.02.2025","300,19","303,00","304,00","300,15","1,27M","-1,25%"
"18.02.2025","304,00","306,73","311,00","302,01","4,26M","-0,89%"
"17.02.2025","306,73","310,01","313,14","305,41","1,83M","-0,41%"
"14.02.2025","308,00","305,00","309,50","303,59","2,13M","0,82%"
"13.02.2025","305,48","307,99","307,99","303,00","453,36K","-0,11%"
"12.02.2025","305,81","308,00","309,55","305,00","1,89M","-0,39%"
"11.02.2025","307,01","306,00","310,00","303,53","1,89M","0,66%"
"10.02.2025","305,00","295,00","305,00","295,00","14,58M","3,04%"
"07.02.2025","296,00","297,00","297,88","294,30","635,95K","-0,63%"
"06.02.2025","297,88","291,88","298,15","290,03","2,59M","2,05%"
"05.02.2025","291,90","290,00","292,38","288,00","1,21M","0,66%"
"04.02.2025","290,00","287,23","291,50","284,80","3,36M","0,99%"
"03.02.2025","287,16","285,00","287,50","282,99","1,49M","0,51%"
"31.01.2025","285,70","285,00","287,20","281,52","5,05M","0,29%"
"30.01.2025","284,88","279,35","284,88","279,35","5,23M","1,75%"
"29.01.2025","279,98","276,06","280,00","276,06","4,43M","1,44%"
"28.01.2025","276,00","276,00","276,00","274,00","4,09M","0,57%"
"27.01.2025","274,43","274,90","274,90","274,00","594,27K","-1,28%"
"24.01.2025","278,00","273,36","278,00","272,21","2,01M","1,46%"
"23.01.2025","274,00","270,11","274,00","270,00","4,12M","1,48%"
"22.01.2025","270,01","267,30","272,34","266,00","3,26M","1,51%"
"21.01.2025","266,00","266,00","266,40","264,33","4,54M","-0,33%"
"20.01.2025","266,87","266,35","268,07","266,00","1,16M","-0,38%"
"17.01.2025","267,88","269,81","270,50","267,37","801,25K","-0,16%"
"16.01.2025","268,31","268,00","270,97","267,50","2,59M","0,30%"
"15.01.2025","267,50","265,84","268,49","265,51","4,31M","0,94%"
"14.01.2025","265,01","264,00","269,00","263,99","2,78M","0,75%"
"13.01.2025","263,03","263,00","264,80","263,00","1,44M","-0,14%"
"10.01.2025","263,39","264,84","265,00","263,23","824,86K","-0,54%"
"09.01.2025","264,82","264,20","266,00","264,10","1,88M","-0,50%"
"08.01.2025","266,15","268,00","269,55","266,00","2,14M","-0,73%"
"07.01.2025","268,10","272,00","272,99","268,10","2,08M","-1,43%"
"06.01.2025","271,99","271,00","273,30","270,00","2,11M","0,37%"
"03.01.2025","270,99","270,77","270,99","268,23","417,85K","-0,06%"
"02.01.2025","271,14","271,01","273,50","271,00","1,83M","-0,28%"
"30.12.2024","271,90","269,00","271,90","269,00","2,59M","0,70%"
"27.12.2024","270,00","267,00","271,00","267,00","3,66M","1,12%"
"26.12.2024","267,00","266,39","269,28","265,99","4,58M","0,23%"
"24.12.2024","266,39","267,30","267,83","265,21","802,33K","0,00%"
"23.12.2024","266,40","267,50","267,50","264,98","1,92M","-0,60%"
"20.12.2024","268,00","268,39","268,39","267,79","1,03M","-0,18%"
"19.12.2024","268,49","267,43","268,66","266,79","5,48M","0,18%"
"18.12.2024","268,00","270,45","270,73","265,75","1,91M","0,00%"
"17.12.2024","268,00","266,40","270,00","266,40","7,64M","0,57%"
"16.12.2024","266,48","267,00","267,00","265,00","6,51M","-0,19%"
"13.12.2024","266,98","267,94","268,00","266,30","3,87M","0,15%"
"12.12.2024","266,59","264,01","269,00","264,01","1,87M","0,98%"
"11.12.2024","264,00","265,64","267,00","263,72","2,10M","-0,62%"
"10.12.2024","265,64","268,90","268,90","263,00","1,33M","-1,21%"
"09.12.2024","268,90","268,00","270,00","267,10","892,77K","-0,66%"
"06.12.2024","270,70","270,00","271,50","268,00","1,37M","0,26%"
"05.12.2024","270,00","272,80","274,09","268,93","4,93M","-0,20%"
"04.12.2024","270,55","272,50","272,50","268,13","950,06K","0,59%"
"03.12.2024","268,96","271,35","272,40","268,00","1,21M","-1,87%"
"02.12.2024","274,09","274,10","274,10","270,00","1,02M","1,51%"
"29.11.2024","270,00","271,00","271,00","268,00","1,67M","-0,37%"
"28.11.2024","271,00","275,00","275,00","268,10","1,47M","0,37%"
"27.11.2024","270,00","267,20","270,00","266,25","977,59K","0,98%"
"26.11.2024","267,38","269,00","272,00","267,00","740,24K","0,14%"
"25.11.2024","267,01","279,99","279,99","267,01","1,53M","-1,81%"
"22.11.2024","271,92","273,00","273,00","270,27","786,04K","-0,95%"
"21.11.2024","274,53","267,11","278,00","267,10","198,56K","0,56%"
"20.11.2024","273,00","273,00","275,00","267,00","1,06M","0,00%"
"19.11.2024","273,00","275,00","275,00","270,00","1,94M","-0,65%"
"18.11.2024","274,78","276,30","276,30","271,00","2,17M","-0,98%"
"15.11.2024","277,49","274,00","278,00","272,00","1,32M","1,27%"
"14.11.2024","274,00","280,29","280,29","270,00","1,26M","-2,63%"
"13.11.2024","281,39","278,00","284,99","278,00","272,01K","0,79%"
"12.11.2024","279,18","278,01","282,98","278,00","427,56K","-0,90%"
"11.11.2024","281,71","279,00","282,98","278,00","423,93K","1,33%"
"08.11.2024","278,00","283,52","284,00","278,00","1,06M","-1,95%"
"07.11.2024","283,52","282,99","287,00","280,00","1,19M","0,54%"
"06.11.2024","282,00","280,00","282,00","278,50","777,42K","0,36%"
"05.11.2024","281,00","279,97","282,00","279,97","1,79M","0,36%"
"04.11.2024","280,00","277,17","280,09","274,96","3,00M","1,82%"
"30.10.2024","275,00","279,96","282,93","275,00","2,65M","-2,71%"
"29.10.2024","282,66","278,00","283,20","277,94","994,92K","-0,19%"
"28.10.2024","283,20","282,99","283,30","280,00","3,35M","0,11%"
"25.10.2024","282,90","280,00","283,90","279,08","5,86M","1,03%"
"24.10.2024","280,01","277,00","280,28","271,43","2,14M","1,09%"
"23.10.2024","277,00","278,90","278,90","276,00","1,11M","-0,18%"
"22.10.2024","277,49","277,50","278,90","277,00","1,32M","0,18%"
"21.10.2024","277,00","275,49","279,99","275,49","968,07K","-0,46%"
"18.10.2024","278,27","276,99","279,95","276,99","1,01M","0,30%"
"17.10.2024","277,44","277,00","277,50","276,99","2,22M","0,16%"
"16.10.2024","277,00","276,00","278,05","276,00","2,85M","0,36%"
"15.10.2024","276,00","274,52","277,95","274,52","4,05M","0,36%"
"14.10.2024","275,00","275,00","275,00","273,00","523,71K","1,10%"
"11.10.2024","272,00","274,00","278,00","272,00","1,18M","-0,73%"
"10.10.2024","274,00","273,31","275,00","267,51","769,82K","0,25%"
"09.10.2024","273,31","266,98","275,00","266,98","1,78M","2,36%"
"08.10.2024","267,00","265,00","268,00","263,01","594,43K","0,75%"
"07.10.2024","265,00","266,96","267,50","258,00","1,33M","-0,93%"
"04.10.2024","267,50","265,00","268,00","265,00","1,59M","0,94%"
"03.10.2024","265,00","265,00","265,00","261,40","2,86M","0,26%"
"02.10.2024","264,30","265,00","267,00","263,00","970,23K","-0,26%"
"01.10.2024","265,00","266,99","267,00","260,50","982,99K","-0,71%"
"30.09.2024","266,90","265,00","268,65","265,00","3,41M","0,72%"
"27.09.2024","265,00","264,99","265,01","262,00","859,29K","1,15%"
"26.09.2024","262,00","259,00","265,00","258,02","1,89M","2,04%"
"25.09.2024","256,75","256,99","258,00","250,06","1,49M","-0,39%"
"24.09.2024","257,75","254,81","257,90","254,81","913,83K","1,15%"
"23.09.2024","254,81","256,00","256,55","248,01","1,40M","0,72%"
"17.09.2024","253,00","252,74","255,80","242,10","954,16K","1,20%"
"16.09.2024","249,99","244,00","250,01","244,00","746,64K","2,45%"
"13.09.2024","244,00","248,00","252,00","244,00","1,16M","-1,61%"
"12.09.2024","248,00","248,00","248,00","244,00","3,18M","-0,80%"
"11.09.2024","250,00","250,83","256,99","245,50","1,75M","-0,87%"
"10.09.2024","252,20","255,94","255,94","250,01","2,84M","-0,47%"
"09.09.2024","253,40","255,01","256,97","253,00","2,46M","-0,63%"
"06.09.2024","255,00","255,00","256,99","252,16","2,40M","-0,78%"
"05.09.2024","257,01","260,31","262,00","254,99","6,06M","-2,65%"
"04.09.2024","264,00","272,53","272,53","261,00","2,10M","-1,40%"
"03.09.2024","267,76","279,90","279,90","266,90","1,56M","-2,49%"
"02.09.2024","274,61","272,00","275,00","269,00","2,46M","0,50%"
"30.08.2024","273,25","273,00","277,00","271,02","6,91M","1,77%"
"29.08.2024","268,50","268,00","275,00","268,00","1,43M","0,56%"
"28.08.2024","267,00","270,00","270,00","263,15","3,80M","-0,74%"
"27.08.2024","269,00","279,99","279,99","265,01","2,40M","-1,11%"
"26.08.2024","272,02","276,99","285,00","269,99","2,85M","-1,93%"
"23.08.2024","277,37","280,42","282,69","274,00","1,57M","-0,94%"
"22.08.2024","280,00","277,99","282,50","277,99","1,54M","-0,71%"
"21.08.2024","282,00","279,00","283,81","279,00","2,64M","-0,35%"
"20.08.2024","283,00","282,22","283,97","280,90","1,82M","-0,26%"
"19.08.2024","283,75","279,00","285,00","278,30","446,91K","1,34%"
"16.08.2024","280,00","276,50","280,00","276,50","549,60K","1,24%"
"14.08.2024","276,56","277,03","278,00","276,01","1,58M","-0,16%"
"13.08.2024","277,00","275,46","279,00","275,43","2,46M","0,36%"
"12.08.2024","276,00","275,00","276,00","275,00","900,43K","0,36%"
"09.08.2024","275,00","272,00","275,25","272,00","4,07M","1,10%"
"08.08.2024","272,00","265,10","272,00","265,10","1,30M","2,63%"
"07.08.2024","265,02","264,14","265,13","264,14","1,68M","0,77%"
"06.08.2024","263,00","261,08","265,00","261,08","4,26M","1,54%"
"05.08.2024","259,00","267,29","267,29","255,00","3,09M","-4,07%"
"02.08.2024","270,00","268,58","270,00","264,99","1,12M","0,00%"
"01.08.2024","270,00","271,01","274,49","267,35","1,62M","-0,37%"
"31.07.2024","271,00","274,00","275,01","271,00","1,33M","-0,91%"
"30.07.2024","273,50","270,00","275,90","270,00","6,77M","1,00%"
"29.07.2024","270,80","264,63","271,99","264,63","6,38M","1,06%"
"26.07.2024","267,95","268,00","269,89","260,01","3,68M","0,00%"
"25.07.2024","267,94","274,00","274,00","267,94","3,55M","-1,17%"
"24.07.2024","271,12","273,00","275,76","270,00","5,15M","-0,69%"
"23.07.2024","273,01","273,00","276,02","272,50","3,55M","0,19%"
"22.07.2024","272,50","270,01","276,95","270,00","746,91K","0,00%"
"19.07.2024","272,51","269,72","277,00","269,72","515,01K","-1,12%"
"18.07.2024","275,59","277,21","277,30","275,00","648,58K","-0,08%"
"17.07.2024","275,80","276,00","280,00","267,00","937,54K","0,84%"
"15.07.2024","273,50","274,94","280,00","273,45","1,87M","-1,39%"
"12.07.2024","277,35","273,00","277,89","273,00","1,47M","1,59%"
"11.07.2024","273,00","272,00","273,00","268,81","10,37M","1,35%"
"10.07.2024","269,37","268,20","271,50","266,00","1,26M","-1,33%"
"09.07.2024","273,00","267,99","276,00","261,16","2,69M","1,33%"
"08.07.2024","269,43","266,99","270,00","265,70","607,03K","0,23%"
"05.07.2024","268,80","266,21","272,00","261,51","1,03M","0,97%"
"04.07.2024","266,21","263,00","268,18","259,99","1,96M","2,10%"
"03.07.2024","260,73","254,74","262,00","254,74","3,76M","2,33%"
"02.07.2024","254,80","259,00","259,00","250,00","1,68M","1,30%"
"01.07.2024","251,54","257,00","257,00","251,00","1,26M","-2,12%"
"28.06.2024","257,00","260,64","260,64","253,54","874,66K","-0,39%"
"27.06.2024","258,00","258,00","263,01","251,00","1,65M","0,00%"
"26.06.2024","258,00","260,50","261,05","257,86","754,36K","-0,04%"
"25.06.2024","258,10","265,00","265,00","255,00","1,96M","-2,12%"
"24.06.2024","263,70","268,10","268,51","259,00","5,62M","-1,60%"
"21.06.2024","268,00","267,08","275,00","267,08","1,41M","-0,04%"
"19.06.2024","268,10","268,94","269,01","266,23","1,29M","-0,38%"
"18.06.2024","269,13","271,00","271,50","269,00","1,12M","-0,36%"
"17.06.2024","270,10","272,00","272,00","269,00","3,68M","-0,52%"
"14.06.2024","271,50","270,00","272,00","270,00","1,96M","0,51%"
"13.06.2024","270,12","267,00","272,00","267,00","1,88M","1,17%"
"12.06.2024","267,00","259,50","270,00","250,00","3,26M","2,89%"
"11.06.2024","259,50","257,41","260,00","255,01","1,20M","0,79%"
"10.06.2024","257,46","257,75","258,50","255,98","1,67M","-0,20%"
"07.06.2024","257,97","249,01","258,58","249,00","730,59K","0,57%"
"06.06.2024","256,50","250,00","257,99","250,00","3,19M","1,35%"
"05.06.2024","253,08","248,00","254,00","248,00","4,04M","1,64%"
"04.06.2024","248,99","242,00","255,00","242,00","4,66M","1,63%"
"03.06.2024","245,00","245,01","247,00","242,78","1,99M","0,41%"
"31.05.2024","244,00","245,00","247,99","236,00","1,61M","-0,55%"
"30.05.2024","245,35","243,99","249,93","243,99","4,37M","0,11%"
"29.05.2024","245,09","242,00","247,89","240,00","3,51M","1,27%"
"28.05.2024","242,01","237,49","242,36","236,00","11,08M","1,90%"
"27.05.2024","237,49","237,00","237,51","234,00","1,30M","-0,63%"
"24.05.2024","239,00","237,59","239,00","237,59","580,11K","0,39%"
"23.05.2024","238,06","237,00","238,50","236,00","1,55M","0,62%"
"22.05.2024","236,59","237,80","238,00","236,10","1,63M","0,46%"
"20.05.2024","235,50","227,88","235,50","225,80","544,22K","0,27%"
"17.05.2024","234,86","233,99","237,02","233,65","1,79M","-0,06%"
"16.05.2024","235,00","235,00","236,59","234,87","3,30M","0,86%"
"15.05.2024","233,00","230,50","235,00","230,00","3,31M","1,75%"
"14.05.2024","229,00","228,00","230,00","227,00","3,14M","0,88%"
"13.05.2024","227,00","226,99","230,00","226,10","1,72M","-0,86%"
"10.05.2024","228,98","228,00","229,99","227,90","2,62M","0,43%"
"09.05.2024","228,00","224,01","233,00","224,01","10,30M","0,00%"
"08.05.2024","228,00","216,00","228,00","213,50","11,58M","6,24%"
"07.05.2024","214,61","206,11","215,50","206,00","2,57M","1,51%"
"06.05.2024","211,42","212,00","214,00","207,96","211,36K","-0,10%"
"03.05.2024","211,63","212,97","213,00","210,50","277,41K","0,54%"
"02.05.2024","210,50","212,00","212,10","208,83","501,56K","-1,74%"
"30.04.2024","214,23","212,00","214,50","210,00","1,80M","1,05%"
"29.04.2024","212,00","210,00","214,00","210,00","699,74K","1,01%"
"26.04.2024","209,87","205,20","211,50","205,20","889,35K","1,00%"
"25.04.2024","207,80","211,50","211,50","206,92","622,42K","-1,78%"
"24.04.2024","211,56","212,52","211,99","210,00","123,09K","-0,45%"
"23.04.2024","212,52","208,01","213,79","207,90","455,30K","1,84%"
"22.04.2024","208,68","208,37","209,00","208,00","218,96K","0,15%"
"19.04.2024","208,37","210,18","210,18","202,29","396,13K","-0,71%"
"18.04.2024","209,86","204,96","209,86","204,96","658,28K","1,79%"
"17.04.2024","206,16","202,05","207,00","202,04","783,22K","-0,16%"
"16.04.2024","206,50","205,07","208,93","201,00","3,22M","-2,09%"
"15.04.2024","210,90","210,00","212,00","208,00","4,00M","-1,45%"
"12.04.2024","214,00","217,00","217,00","212,99","1,69M","-1,75%"
"11.04.2024","217,82","216,98","219,00","216,98","5,00M","0,04%"
"10.04.2024","217,73","208,00","219,00","205,01","3,18M","4,54%"
"09.04.2024","208,27","210,65","210,65","205,51","1,71M","-1,13%"
"08.04.2024","210,65","207,00","211,05","204,94","1,75M","1,17%"
"05.04.2024","208,21","209,00","210,00","205,50","2,84M","-0,88%"
"04.04.2024","210,06","207,86","211,96","207,81","886,87K","1,06%"
"03.04.2024","207,86","211,00","211,50","205,98","2,30M","-1,72%"
"02.04.2024","211,50","211,82","214,00","209,91","4,91M","-1,15%"
"01.04.2024","213,96","214,00","217,00","213,00","783,20K","-0,47%"
"28.03.2024","214,97","215,27","216,37","211,96","741,46K","-0,14%"
"27.03.2024","215,27","210,80","216,50","207,02","2,38M","2,02%"
"26.03.2024","211,00","209,00","211,36","207,00","2,26M","0,48%"
"25.03.2024","209,99","217,00","217,00","209,98","2,49M","-3,23%"
"22.03.2024","217,00","215,99","218,00","213,85","599,75K","0,13%"
"21.03.2024","216,71","216,00","217,40","212,01","814,60K","-0,17%"
"20.03.2024","217,08","214,30","218,50","213,00","740,67K","1,44%"
"19.03.2024","214,00","215,00","215,73","213,00","1,19M","0,09%"
"18.03.2024","213,81","216,50","216,50","211,01","1,24M","-1,24%"
"15.03.2024","216,50","218,00","218,00","215,00","3,02M","-1,55%"
"14.03.2024","219,90","214,51","219,90","212,00","4,12M","2,67%"
"13.03.2024","214,18","214,98","215,00","212,99","3,28M","1,51%"
"12.03.2024","211,00","205,00","215,00","204,98","8,28M","2,93%"
"11.03.2024","204,99","200,00","205,00","200,00","2,69M","1,71%"
"08.03.2024","201,55","199,00","201,99","198,00","2,92M","0,87%"
"07.03.2024","199,82","198,00","200,00","197,99","783,42K","0,38%"
"06.03.2024","199,07","196,00","200,00","196,00","618,59K","1,54%"
"05.03.2024","196,05","198,50","199,99","194,01","1,69M","-1,22%"
"04.03.2024","198,47","202,00","202,21","197,38","3,41M","-1,75%"
"01.03.2024","202,00","197,99","204,50","197,99","7,13M","2,02%"
"29.02.2024","198,00","193,40","198,50","193,40","9,06M","3,06%"
"28.02.2024","192,13","190,00","192,97","190,00","529,69K","1,22%"
"27.02.2024","189,82","188,00","190,11","185,16","2,95M","0,69%"
"26.02.2024","188,52","190,00","190,00","186,99","823,25K","-1,39%"
"23.02.2024","191,17","191,49","191,98","188,00","300,70K","-0,16%"
"22.02.2024","191,48","191,10","193,50","190,00","836,47K","-0,16%"
"21.02.2024","191,79","193,99","194,50","188,01","7,10M","-1,69%"
"20.02.2024","195,09","194,99","195,80","190,03","1,43M","-0,40%"
"19.02.2024","195,87","192,00","195,90","192,00","1,58M","1,07%"
"16.02.2024","193,79","192,00","194,00","192,00","1,92M","1,99%"
"15.02.2024","190,00","187,99","194,90","187,99","1,81M","0,92%"
"14.02.2024","188,26","191,00","191,00","187,10","392,29K","-1,43%"
"13.02.2024","191,00","186,00","191,00","184,86","828,06K","2,20%"
"12.02.2024","186,89","189,17","189,17","186,00","515,64K","-1,21%"
"09.02.2024","189,17","179,01","189,59","179,01","1,72M","1,16%"
"08.02.2024","187,00","187,00","187,00","184,99","1,15M","0,04%"
"07.02.2024","186,93","184,96","188,00","184,96","3,41M","0,98%"
"06.02.2024","185,12","180,00","186,00","180,00","8,49M","2,71%"
"05.02.2024","180,24","179,80","182,50","174,98","2,77M","1,18%"
"02.02.2024","178,14","182,47","183,00","176,91","496,43K","-2,38%"
"01.02.2024","182,48","183,98","183,99","179,40","1,60M","-1,35%"
"31.01.2024","184,97","178,99","184,97","178,99","2,98M","3,34%"
"30.01.2024","179,00","179,00","180,99","178,99","1,23M","-0,48%"
"29.01.2024","179,87","178,00","180,96","177,50","1,40M","1,45%"
"26.01.2024","177,30","180,00","180,00","172,00","2,65M","0,99%"
"25.01.2024","175,57","178,00","180,53","171,01","1,03M","-1,54%"
"24.01.2024","178,32","175,01","178,99","175,00","1,21M","2,72%"
"23.01.2024","173,59","169,79","175,00","169,79","1,63M","2,27%"
"22.01.2024","169,74","171,00","171,00","169,00","1,57M","-0,78%"
"19.01.2024","171,07","170,19","171,97","170,19","472,32K","0,55%"
"18.01.2024","170,14","172,01","175,00","167,10","2,05M","-0,49%"
"17.01.2024","170,98","172,00","174,69","170,97","2,95M","-1,74%"
"16.01.2024","174,00","179,32","181,50","173,01","7,57M","-2,96%"
"15.01.2024","179,30","178,00","180,99","178,00","1,04M","-0,33%"
"12.01.2024","179,90","182,00","183,88","179,50","5,36M","-1,15%"
"11.01.2024","182,00","179,00","182,00","179,00","3,64M","2,02%"
"10.01.2024","178,40","176,10","178,40","176,10","1,50M","1,32%"
"09.01.2024","176,08","170,03","177,00","170,00","2,01M","1,97%"
"08.01.2024","172,67","169,50","172,99","169,50","922,72K","1,74%"
"05.01.2024","169,72","168,21","171,00","168,21","690,69K","-1,25%"
"04.01.2024","171,87","174,00","174,00","171,00","914,25K","-2,35%"
"03.01.2024","176,00","171,98","176,00","171,98","1,59M","2,33%"
"02.01.2024","171,99","175,00","176,01","171,00","896,70K","-1,76%"
"29.12.2023","175,07","170,00","175,99","170,00","331,47K","1,20%"
"28.12.2023","173,00","169,80","176,99","169,11","4,45M","1,76%"
"27.12.2023","170,01","170,00","172,90","168,00","1,79M","-0,22%"
"26.12.2023","170,39","171,10","173,00","169,00","2,01M","-0,41%"
"22.12.2023","171,10","170,00","171,99","170,00","1,88M","0,65%"
"21.12.2023","170,00","168,50","170,00","168,35","2,20M","0,89%"
"20.12.2023","168,50","169,00","169,00","166,55","4,29M","1,21%"
"19.12.2023","166,49","162,99","166,80","162,99","44,68K","0,92%"
"18.12.2023","164,97","161,00","165,92","160,00","2,97M","0,96%"
"15.12.2023","163,40","160,51","163,90","160,51","4,68M","1,51%"
"14.12.2023","160,97","154,78","161,04","154,78","5,82M","4,01%"
"13.12.2023","154,77","153,50","155,50","153,50","1,70M","-0,20%"
"12.12.2023","155,08","153,01","155,92","152,00","3,28M","1,36%"
"11.12.2023","153,00","157,55","157,55","152,02","3,50M","-2,75%"
"07.12.2023","157,33","156,00","157,89","156,00","1,38M","-0,42%"
"06.12.2023","157,99","158,00","158,00","156,20","3,56M","1,28%"
"05.12.2023","156,00","152,10","157,00","151,00","4,54M","2,56%"
"04.12.2023","152,10","152,00","153,00","150,30","2,22M","-0,26%"
"01.12.2023","152,49","154,00","154,00","150,30","4,74M","-0,33%"
"30.11.2023","153,00","154,00","159,57","152,32","3,65M","-0,83%"
"29.11.2023","154,28","154,00","155,00","153,90","467,92K","-0,39%"
"28.11.2023","154,89","152,55","155,96","152,30","724,25K","0,28%"
"27.11.2023","154,46","153,98","157,28","152,02","1,92M","-0,58%"
"24.11.2023","155,36","156,00","156,49","154,00","293,60K","-0,50%"
"23.11.2023","156,14","155,00","156,50","154,20","822,79K","1,40%"
"22.11.2023","153,99","159,00","159,00","153,10","3,03M","-1,97%"
"21.11.2023","157,09","159,99","159,99","156,18","2,77M","-1,81%"
"20.11.2023","159,98","157,00","160,00","157,00","904,13K","1,86%"
"17.11.2023","157,06","157,00","157,90","156,19","172,74K","-0,79%"
"16.11.2023","158,31","158,10","160,00","155,20","360,94K","-0,84%"
"15.11.2023","159,65","158,57","160,00","158,10","1,76M","-0,32%"
"14.11.2023","160,17","161,00","161,00","159,50","565,33K","-0,04%"
"13.11.2023","160,23","161,00","161,00","160,00","510,25K","0,41%"
"10.11.2023","159,57","159,47","160,00","157,80","316,39K","0,06%"
"09.11.2023","159,47","157,00","162,15","157,00","1,47M","1,74%"
"08.11.2023","156,74","155,00","160,00","155,00","1,03M","1,52%"
"07.11.2023","154,39","154,93","155,00","153,50","817,02K","-0,35%"
"06.11.2023","154,93","156,50","156,50","154,00","568,12K","-1,41%"
"03.11.2023","157,14","153,01","159,04","153,01","641,91K","2,75%"
"02.11.2023","152,93","152,55","154,50","152,55","818,88K","1,25%"
"31.10.2023","151,04","157,96","157,96","150,10","690,33K","-2,19%"
"30.10.2023","154,42","154,50","155,03","153,00","596,75K","-1,97%"
"26.10.2023","157,52","157,00","159,99","153,30","2,60M","0,70%"
"25.10.2023","156,43","159,01","159,01","153,11","5,60M","-1,62%"
"24.10.2023","159,01","157,00","159,77","156,00","978,30K","1,28%"
"23.10.2023","157,00","158,45","159,50","157,00","608,33K","-1,88%"
"20.10.2023","160,00","160,00","162,53","160,00","501,25K","-2,71%"
"19.10.2023","164,46","164,29","166,50","160,00","1,40M","1,21%"
"18.10.2023","162,50","161,40","162,50","158,00","17,32M","0,68%"
"17.10.2023","161,40","161,00","162,00","157,00","3,86M","0,16%"
"16.10.2023","161,15","158,70","164,60","155,43","2,86M","2,64%"
"13.10.2023","157,00","154,99","157,06","154,29","3,15M","1,29%"
"12.10.2023","155,00","161,00","162,00","155,00","3,80M","-3,73%"
"11.10.2023","161,00","163,00","163,50","159,00","4,05M","-1,23%"
"10.10.2023","163,00","167,00","167,00","161,99","4,29M","-2,40%"
"06.10.2023","167,00","162,00","167,00","160,00","1,91M","1,21%"
"05.10.2023","165,00","167,00","167,50","164,92","556,79K","0,27%"
"04.10.2023","164,56","164,28","166,99","160,01","483,75K","0,17%"
"03.10.2023","164,28","165,17","165,17","163,10","680,20K","-0,54%"
"02.10.2023","165,17","167,99","169,00","165,00","736,01K","-0,18%"
"29.09.2023","165,46","166,00","167,97","164,80","2,14M","0,73%"
"28.09.2023","164,26","165,00","168,42","162,99","2,49M","-0,98%"
"27.09.2023","165,88","169,01","169,01","165,00","1,81M","-1,46%"
"26.09.2023","168,34","166,01","170,44","163,20","2,59M","2,65%"
"25.09.2023","164,00","166,99","170,01","163,00","2,34M","-2,11%"
"22.09.2023","167,54","168,01","169,35","166,51","1,06M","-0,94%"
"21.09.2023","169,13","169,31","170,70","168,16","3,36M","-0,92%"
"20.09.2023","170,70","173,60","173,60","168,30","2,09M","-1,67%"
"15.09.2023","173,60","173,61","177,45","172,00","1,41M","-1,08%"
"14.09.2023","175,50","174,49","177,17","172,00","5,93M","0,58%"
"13.09.2023","174,49","173,52","175,00","172,03","2,15M","0,36%"
"12.09.2023","173,87","173,99","174,00","167,20","2,51M","0,65%"
"11.09.2023","172,75","174,00","174,00","171,57","2,11M","-0,68%"
"08.09.2023","173,94","172,21","174,10","170,05","2,54M","1,00%"
"07.09.2023","172,21","170,05","175,00","167,13","5,69M","0,93%"
"06.09.2023","170,62","175,00","175,00","168,99","2,38M","-2,96%"
"05.09.2023","175,83","176,20","179,20","174,83","2,14M","-2,16%"
"04.09.2023","179,71","184,00","185,10","177,54","3,25M","-3,36%"
"01.09.2023","185,96","187,50","188,00","185,00","1,26M","-0,82%"
"31.08.2023","187,50","186,50","194,00","184,00","7,09M","0,34%"
"30.08.2023","186,86","187,00","187,00","186,83","69,47K","-0,52%"
"29.08.2023","187,83","186,50","189,00","186,50","2,60M","-0,78%"
"28.08.2023","189,30","190,00","190,00","187,00","1,25M","-0,37%"
"25.08.2023","190,00","188,00","190,80","188,00","786,97K","-0,71%"
"24.08.2023","191,36","192,01","193,80","189,00","757,70K","-2,15%"
"23.08.2023","195,57","189,99","195,92","189,99","4,70M","1,86%"
"22.08.2023","192,00","185,00","192,00","185,00","5,66M","0,79%"
"21.08.2023","190,50","190,00","190,50","188,00","5,67M","0,26%"
"18.08.2023","190,00","191,39","192,59","185,00","4,00M","-1,55%"
"17.08.2023","193,00","192,00","193,00","192,00","3,01M","-0,27%"
"16.08.2023","193,52","195,00","195,10","192,00","5,07M","-1,20%"
"14.08.2023","195,88","198,00","198,00","195,07","547,78K","-1,03%"
"11.08.2023","197,92","198,00","198,00","195,00","7,14M","0,37%"
"10.08.2023","197,20","198,31","199,99","196,00","10,19M","0,29%"
"09.08.2023","196,62","194,00","197,00","192,20","8,37M","1,35%"
"08.08.2023","194,00","196,90","196,90","192,20","3,20M","-0,58%"
"07.08.2023","195,13","188,01","196,00","188,01","5,87M","2,52%"
"04.08.2023","190,33","189,99","191,00","189,50","11,25M","1,78%"
"03.08.2023","187,00","180,00","191,95","180,00","3,74M","2,20%"
"02.08.2023","182,97","184,50","184,50","181,00","1,68M","-0,90%"
"01.08.2023","184,64","182,55","184,90","182,55","4,05M","1,16%"
"31.07.2023","182,52","178,02","185,00","178,02","2,21M","2,88%"
"28.07.2023","177,41","175,00","178,00","174,00","1,24M","1,48%"
"27.07.2023","174,82","173,02","177,40","171,99","3,21M","1,05%"
"26.07.2023","173,01","175,00","175,00","170,00","1,69M","-1,69%"
"25.07.2023","175,99","174,99","175,99","174,00","2,91M","1,92%"
"24.07.2023","172,67","171,45","173,00","169,00","1,71M","0,13%"
"21.07.2023","172,45","174,00","174,70","171,00","3,79M","-0,23%"
"20.07.2023","172,85","172,49","174,70","168,50","2,36M","0,21%"
"19.07.2023","172,49","174,90","174,94","172,49","2,00M","0,23%"
"18.07.2023","172,10","170,00","172,53","170,00","9,04M","1,24%"
"17.07.2023","170,00","169,90","173,00","168,00","2,25M","-0,58%"
"14.07.2023","171,00","167,06","171,00","167,06","1,95M","2,36%"
"13.07.2023","167,06","168,03","168,03","166,00","4,52M","-0,57%"
"12.07.2023","168,02","171,00","171,34","166,00","3,72M","0,36%"
"11.07.2023","167,41","164,46","171,00","164,10","2,37M","1,79%"
"10.07.2023","164,46","164,19","165,50","163,00","1,25M","0,16%"
"07.07.2023","164,19","164,98","166,00","163,35","8,40M","0,82%"
"06.07.2023","162,85","163,20","163,20","158,00","1,63M","-0,09%"
"05.07.2023","163,00","164,79","164,98","163,00","5,99M","0,18%"
"04.07.2023","162,70","155,01","162,99","155,00","12,63M","5,00%"
"03.07.2023","154,95","157,00","158,50","154,64","1,93M","-0,81%"
"30.06.2023","156,22","155,00","156,91","155,00","6,71M","0,85%"
"29.06.2023","154,90","151,90","154,90","151,50","6,18M","2,58%"
"28.06.2023","151,00","151,51","151,99","149,16","4,66M","0,05%"
"27.06.2023","150,92","149,50","151,00","148,53","1,50M","1,17%"
"23.06.2023","149,17","151,00","151,90","148,80","1,24M","0,07%"
"22.06.2023","149,07","150,10","151,00","148,89","851,88K","-0,62%"
"20.06.2023","150,00","149,68","150,27","148,90","4,26M","0,21%"
"19.06.2023","149,68","149,20","150,00","149,20","9,22M","-0,46%"
"16.06.2023","150,37","150,80","152,02","149,10","5,45M","-0,40%"
"15.06.2023","150,97","149,10","151,40","149,10","3,95M","0,68%"
"14.06.2023","149,95","149,50","150,00","148,63","4,84M","0,08%"
"13.06.2023","149,83","150,00","150,00","149,65","364,24K","0,21%"
"12.06.2023","149,51","149,89","150,00","148,60","3,70M","0,67%"
"09.06.2023","148,52","149,60","149,60","148,00","2,06M","-0,62%"
"08.06.2023","149,45","148,75","151,00","148,75","2,46M","0,52%"
"07.06.2023","148,67","148,16","151,00","148,16","1,54M","0,11%"
"06.06.2023","148,50","150,01","150,01","148,50","2,26M","-1,01%"
"05.06.2023","150,02","152,00","152,03","149,83","3,03M","-1,30%"
"02.06.2023","152,00","152,99","153,00","151,89","664,11K","1,31%"
"01.06.2023","150,04","150,00","153,00","147,00","4,03M","0,03%"
"31.05.2023","150,00","150,00","152,89","147,00","2,34M","0,11%"
"30.05.2023","149,84","151,76","152,00","148,50","4,77M","0,56%"
"29.05.2023","149,01","149,00","150,35","147,53","2,19M","-0,90%"
"26.05.2023","150,37","150,39","151,79","149,15","1,34M","-0,01%"
"25.05.2023","150,39","152,50","153,00","150,00","1,46M","-0,61%"
"24.05.2023","151,31","154,25","154,25","148,00","3,06M","-1,47%"
"23.05.2023","153,57","154,91","154,91","153,00","1,01M","-0,87%"
"22.05.2023","154,91","154,00","155,91","154,00","1,26M","1,39%"
"19.05.2023","152,78","155,00","155,98","152,50","1,09M","-1,28%"
"18.05.2023","154,76","155,80","158,01","154,38","10,68M","-0,67%"
"17.05.2023","155,80","156,32","157,94","155,00","7,09M","1,17%"
"16.05.2023","154,00","153,20","155,00","152,57","3,61M","0,52%"
"15.05.2023","153,20","156,00","156,00","152,99","2,88M","0,83%"
"12.05.2023","151,94","151,37","153,76","149,37","2,71M","0,19%"
"11.05.2023","151,66","148,46","152,88","148,46","3,19M","2,19%"
"10.05.2023","148,41","148,46","148,90","147,66","1,73M","-0,02%"
"09.05.2023","148,45","149,86","149,86","144,91","2,26M","-0,40%"
"08.05.2023","149,05","149,00","149,78","148,46","2,74M","1,01%"
"05.05.2023","147,56","145,82","147,95","145,74","4,72M","1,46%"
"04.05.2023","145,44","145,81","145,81","142,27","1,05M","1,07%"
"03.05.2023","143,90","147,57","147,57","141,39","1,04M","-1,05%"
"02.05.2023","145,42","145,69","146,69","144,92","1,11M","0,81%"
"28.04.2023","144,25","140,51","145,02","139,10","2,70M","3,11%"
"27.04.2023","139,90","138,74","140,49","138,74","4,34M","1,12%"
"26.04.2023","138,34","138,83","139,97","137,88","1,10M","-0,02%"
"25.04.2023","138,37","139,62","140,86","137,39","777,21K","-0,65%"
"24.04.2023","139,28","138,54","141,24","138,37","859,79K","0,52%"
"21.04.2023","138,55","141,40","141,40","136,88","2,46M","-2,31%"
"20.04.2023","141,83","144,04","144,04","141,83","2,67M","-0,93%"
"19.04.2023","143,16","144,04","145,79","142,27","1,08M","-0,90%"
"18.04.2023","144,46","144,04","145,36","143,86","564,36K","-0,15%"
"17.04.2023","144,67","145,81","145,82","144,04","1,45M","-0,76%"
"15.04.2023","145,77","145,77","145,77","145,77","","0,48%"
"14.04.2023","145,08","148,02","148,02","144,92","869,39K","-1,98%"
"13.04.2023","148,02","148,36","151,12","145,81","1,83M","-0,23%"
"12.04.2023","148,36","149,34","149,34","147,66","1,59M","1,14%"
"11.04.2023","146,69","144,04","150,23","143,95","10,25M","2,53%"
"10.04.2023","143,07","140,92","145,72","140,95","2,52M","1,52%"
"06.04.2023","140,92","140,16","141,35","140,16","1,49M","0,54%"
"05.04.2023","140,16","136,97","141,39","134,32","7,43M","2,33%"
"04.04.2023","136,97","144,00","144,48","136,97","12,32M","-4,32%"
"03.04.2023","143,16","155,53","155,53","143,15","22,43M","-4,14%"
"02.04.2023","149,34","149,34","149,34","149,34","","0,00%"
"01.04.2023","149,34","149,34","149,34","149,34","","-0,19%"
"31.03.2023","149,62","144,04","152,88","144,04","4,78M","3,44%"
"30.03.2023","144,65","144,04","147,11","141,41","1,63M","-0,45%"
"29.03.2023","145,30","148,46","148,46","143,60","1,44M","-2,10%"
"28.03.2023","148,42","150,55","149,61","148,44","1,06M","-1,41%"
"27.03.2023","150,55","152,70","152,85","149,35","883,36K","-1,46%"
"24.03.2023","152,78","150,23","152,78","150,23","176,56K","-0,41%"
"23.03.2023","153,42","149,34","154,47","149,34","764,60K","-0,06%"
"22.03.2023","153,50","153,41","154,62","152,88","158,94K","0,06%"
"21.03.2023","153,41","143,16","154,38","142,37","2,32M","5,85%"
"20.03.2023","144,92","147,22","150,03","142,36","2,16M","-0,61%"
"17.03.2023","145,81","151,29","152,79","145,81","2,33M","-3,42%"
"16.03.2023","150,98","150,23","153,58","148,46","903,60K","0,26%"
"15.03.2023","150,58","154,62","154,62","150,23","1,83M","-3,04%"
"14.03.2023","155,30","156,41","157,21","153,23","984,15K","-0,39%"
"13.03.2023","155,90","154,63","157,30","154,60","1,59M","-1,83%"
"10.03.2023","158,80","157,30","159,06","157,30","4,19M","0,16%"
"09.03.2023","158,55","160,03","160,12","157,30","1,37M","-1,41%"
"08.03.2023","160,81","161,98","162,60","159,52","3,34M","-0,74%"
"07.03.2023","162,01","161,71","162,59","159,50","1,46M","-1,17%"
"06.03.2023","163,92","162,60","164,36","159,41","2,24M","0,82%"
"03.03.2023","162,60","159,06","163,04","155,53","4,14M","3,37%"
"02.03.2023","157,30","154,64","157,30","154,59","4,06M","3,36%"
"01.03.2023","152,18","151,99","154,56","151,11","4,04M","1,30%"
"28.02.2023","150,23","149,67","154,58","148,90","2,29M","0,37%"
"27.02.2023","149,67","151,11","152,09","148,99","1,05M","-0,50%"
"24.02.2023","150,42","151,96","151,96","149,34","1,17M","-0,94%"
"23.02.2023","151,85","149,43","152,43","149,43","1,09M","0,49%"
"22.02.2023","151,11","153,58","153,58","149,35","1,07M","1,18%"
"21.02.2023","149,34","154,63","154,64","148,90","986,31K","-2,05%"
"20.02.2023","152,46","153,34","153,34","150,68","1,70M","-0,58%"
"17.02.2023","153,34","158,97","159,06","153,05","1,00M","-2,63%"
"16.02.2023","157,49","156,41","158,97","156,41","1,35M","1,52%"
"15.02.2023","155,13","154,64","156,50","152,88","3,53M","0,43%"
"14.02.2023","154,46","151,99","156,40","151,99","5,37M","-1,25%"
"13.02.2023","156,41","157,03","158,62","152,52","6,03M","0,57%"
"10.02.2023","155,53","152,87","157,30","152,87","9,69M","2,09%"
"09.02.2023","152,34","146,63","153,76","146,63","8,31M","3,89%"
"08.02.2023","146,63","144,84","147,57","144,37","2,14M","2,19%"
"07.02.2023","143,49","139,61","144,92","138,55","7,36M","2,45%"
"06.02.2023","140,06","143,16","143,16","140,06","2,89M","-1,86%"
"03.02.2023","142,71","143,86","145,28","141,39","5,95M","-0,85%"
"02.02.2023","143,93","143,24","145,81","142,94","1,04M","0,10%"
"01.02.2023","143,79","147,57","147,57","143,16","1,89M","-1,88%"
"31.01.2023","146,55","147,57","148,46","142,36","1,79M","-0,99%"
"30.01.2023","148,02","146,69","148,46","143,69","1,21M","2,27%"
"27.01.2023","144,74","144,92","147,57","144,04","1,84M","-0,13%"
"26.01.2023","144,92","142,27","144,92","141,92","5,90M","0,72%"
"25.01.2023","143,88","143,16","145,81","142,28","4,29M","1,26%"
"24.01.2023","142,09","140,42","142,98","138,70","8,96M","3,29%"
"23.01.2023","137,56","134,32","138,74","134,32","7,60M","1,99%"
"20.01.2023","134,88","133,61","136,09","132,99","1,78M","1,76%"
"19.01.2023","132,55","132,55","136,88","131,67","3,35M","0,75%"
"18.01.2023","131,56","130,78","136,97","130,78","1,01M","0,60%"
"17.01.2023","130,78","130,78","131,23","129,03","1,47M","0,74%"
"16.01.2023","129,81","129,90","129,90","127,25","501,62K","-0,29%"
"13.01.2023","130,18","131,67","131,67","129,01","738,89K","-1,77%"
"12.01.2023","132,53","134,41","136,97","128,35","6,88M","0,05%"
"11.01.2023","132,46","125,48","132,46","124,60","5,67M","7,94%"
"10.01.2023","122,72","123,27","123,72","122,65","1,01M","-0,45%"
"09.01.2023","123,27","121,06","123,63","121,06","487,81K","0,45%"
"06.01.2023","122,73","121,86","122,74","121,86","537,96K","1,64%"
"05.01.2023","120,75","120,98","121,95","120,18","799,55K","-0,23%"
"04.01.2023","121,03","121,95","124,16","120,27","1,31M","-0,61%"
"03.01.2023","121,77","122,77","122,77","121,24","445,74K","-0,81%"
"30.12.2022","122,77","123,52","123,72","122,04","134,10K","-0,62%"
"29.12.2022","123,53","121,96","123,72","121,94","17,23M","1,30%"
"28.12.2022","121,95","121,95","121,95","121,51","2,16M","-0,01%"
"27.12.2022","121,96","123,99","123,99","121,95","734,69K","-1,70%"
"26.12.2022","124,07","124,69","128,05","124,07","577,41K","-1,33%"
"23.12.2022","125,74","123,72","126,40","123,72","1,15M","-0,52%"
"22.12.2022","126,40","127,25","127,78","123,80","5,24M","0,34%"
"21.12.2022","125,97","123,72","128,13","123,72","1,87M","2,26%"
"20.12.2022","123,18","120,27","123,70","120,18","15,07M","2,52%"
"19.12.2022","120,16","122,38","122,38","118,41","1,17M","1,45%"
"16.12.2022","118,44","121,06","121,06","118,44","4,50M","-2,35%"
"15.12.2022","121,29","124,60","124,60","120,26","2,24M","-3,39%"
"14.12.2022","125,54","124,51","126,81","124,51","1,08M","1,09%"
"13.12.2022","124,19","123,33","132,55","122,92","756,26K","0,70%"
"12.12.2022","123,33","123,72","124,55","121,95","401,05K","0,29%"
"09.12.2022","122,97","119,84","125,43","119,83","1,39M","-1,93%"
"07.12.2022","125,39","128,13","128,13","121,94","1,11M","-1,43%"
"06.12.2022","127,21","123,54","130,78","123,54","5,20M","3,03%"
"05.12.2022","123,47","121,95","123,72","121,95","428,76K","1,64%"
"02.12.2022","121,47","119,30","121,95","119,30","628,75K","1,30%"
"01.12.2022","119,92","117,63","121,06","117,63","2,74M","0,82%"
"30.11.2022","118,93","118,41","119,21","118,32","813,46K","0,79%"
"29.11.2022","118,01","117,97","118,41","117,97","1,20M","-0,08%"
"28.11.2022","118,10","122,83","122,83","117,53","8,98M","-5,21%"
"25.11.2022","124,60","123,72","125,03","123,72","2,82M","-0,04%"
"24.11.2022","124,65","127,15","127,15","122,84","1,58M","-1,97%"
"23.11.2022","127,15","127,16","128,13","126,37","2,36M","-1,75%"
"22.11.2022","129,42","127,25","130,78","127,25","477,56K","1,44%"
"21.11.2022","127,59","129,46","129,67","126,54","761,44K","-1,66%"
"18.11.2022","129,74","129,90","131,67","129,02","574,52K","0,56%"
"17.11.2022","129,02","129,02","130,70","129,01","1,56M","1,87%"
"16.11.2022","126,65","123,72","129,01","123,72","22,31M","1,04%"
"15.11.2022","125,34","128,13","128,13","124,60","589,11K","-2,04%"
"14.11.2022","127,95","129,46","130,77","127,25","486,69K","-1,78%"
"11.11.2022","130,26","129,90","131,23","128,96","894,09K","0,38%"
"10.11.2022","129,77","130,78","132,56","128,32","4,07M","-1,12%"
"09.11.2022","131,24","136,09","136,09","131,24","2,45M","-3,78%"
"08.11.2022","136,40","136,96","136,97","136,09","396,01K","-0,42%"
"07.11.2022","136,97","135,20","136,97","134,32","989,33K","1,11%"
"04.11.2022","135,47","134,50","136,22","134,50","245,06K","0,86%"
"03.11.2022","134,32","132,55","136,97","132,55","1,06M","-0,67%"
"02.11.2022","135,23","138,74","138,74","134,76","1,08M","-1,27%"
"28.10.2022","136,97","137,85","138,74","135,20","1,92M","-0,14%"
"27.10.2022","137,16","136,97","139,61","136,53","2,43M","0,14%"
"26.10.2022","136,98","139,62","140,42","136,97","1,60M","-2,03%"
"25.10.2022","139,82","137,85","141,39","137,85","2,23M","0,76%"
"24.10.2022","138,76","142,27","142,27","138,75","1,82M","-2,88%"
"21.10.2022","142,87","145,81","145,81","142,29","1,56M","-2,01%"
"20.10.2022","145,81","144,04","147,40","141,39","20,01M","0,57%"
"19.10.2022","144,98","144,92","146,60","143,16","2,92M","0,04%"
"18.10.2022","144,92","143,16","146,69","143,16","4,31M","1,23%"
"17.10.2022","143,16","142,29","144,04","141,39","3,67M","0,61%"
"14.10.2022","142,29","138,83","143,16","138,75","8,97M","3,00%"
"13.10.2022","138,15","136,09","140,51","135,29","1,17M","0,33%"
"12.10.2022","137,70","140,06","140,06","136,97","6,66M","-1,43%"
"11.10.2022","139,69","140,51","142,27","136,97","3,00M","-0,71%"
"07.10.2022","140,69","145,19","145,19","138,75","732,73K","-2,46%"
"06.10.2022","144,23","141,39","144,92","141,39","1,81M","1,98%"
"05.10.2022","141,43","142,10","143,16","139,62","5,75M","-0,47%"
"04.10.2022","142,10","139,00","143,07","138,06","6,83M","2,51%"
"03.10.2022","138,62","137,85","139,62","135,20","2,90M","1,47%"
"30.09.2022","136,61","134,05","138,74","132,73","2,27M","1,91%"
"29.09.2022","134,05","134,32","135,20","132,55","4,27M","-1,50%"
"28.09.2022","136,09","140,42","140,51","135,20","2,55M","-3,14%"
"27.09.2022","140,50","145,81","145,81","139,62","3,36M","-2,03%"
"26.09.2022","143,41","137,03","145,81","136,98","1,64M","0,80%"
"23.09.2022","142,27","141,48","143,92","136,98","4,77M","-3,38%"
"22.09.2022","147,26","145,81","150,23","143,16","2,57M","-0,14%"
"21.09.2022","147,46","144,44","147,58","144,44","1,34M","2,09%"
"20.09.2022","144,44","150,19","150,23","144,15","1,29M","-3,85%"
"15.09.2022","150,23","148,16","151,90","146,25","1,45M","2,41%"
"14.09.2022","146,69","145,81","148,90","145,37","3,57M","-0,01%"
"13.09.2022","146,70","151,11","151,11","144,92","3,79M","-2,35%"
"12.09.2022","150,23","149,54","154,65","149,54","5,52M","0,47%"
"09.09.2022","149,52","144,75","150,23","144,75","6,86M","2,80%"
"08.09.2022","145,44","152,88","153,76","142,27","11,10M","-4,59%"
"07.09.2022","152,43","154,64","157,30","150,23","7,01M","-3,58%"
"06.09.2022","158,09","164,45","165,25","153,76","14,81M","-3,87%"
"05.09.2022","164,45","174,08","174,54","163,48","15,69M","1,69%"
"02.09.2022","161,71","159,06","163,49","157,30","19,76M","2,56%"
"01.09.2022","157,68","165,25","165,25","154,64","31,37M","8,80%"
"31.08.2022","144,92","142,27","146,69","141,48","23,19M","1,25%"
"30.08.2022","143,14","139,62","144,04","137,95","14,84M","3,37%"
"29.08.2022","138,47","137,85","140,51","136,97","9,43M","1,10%"
"26.08.2022","136,97","140,86","140,86","135,64","24,28M","0,39%"
"25.08.2022","136,44","128,93","136,51","126,45","11,63M","7,04%"
"24.08.2022","127,47","128,13","128,84","125,48","8,30M","-1,19%"
"23.08.2022","129,01","132,03","132,03","128,13","8,80M","0,05%"
"22.08.2022","128,94","129,37","130,52","127,25","8,60M","-0,39%"
"19.08.2022","129,44","128,26","129,90","126,45","36,40M","1,02%"
"18.08.2022","128,13","125,93","128,13","125,92","13,11M","3,35%"
"17.08.2022","123,98","121,15","126,81","121,15","28,92M","3,01%"
"16.08.2022","120,36","117,49","121,77","116,65","1,95M","2,44%"
"12.08.2022","117,49","116,20","119,29","115,76","2,74M","1,50%"
"11.08.2022","115,76","115,76","116,18","114,87","7,17M","0,77%"
"10.08.2022","114,88","113,99","115,55","113,55","10,20M","0,50%"
"09.08.2022","114,30","114,88","114,88","113,55","689,65K","-1,09%"
"08.08.2022","115,57","114,44","116,65","113,82","1,15M","-0,52%"
"05.08.2022","116,18","114,89","116,91","114,01","2,19M","0,24%"
"04.08.2022","115,90","118,85","118,85","114,89","1,18M","-0,64%"
"03.08.2022","116,65","119,74","119,74","115,55","2,18M","-0,63%"
"02.08.2022","117,39","119,16","119,16","116,65","6,23M","-1,16%"
"01.08.2022","118,77","118,85","120,89","117,98","4,61M","-0,07%"
"29.07.2022","118,85","116,82","119,74","116,82","4,12M","1,73%"
"28.07.2022","116,82","116,65","117,53","114,26","1,98M","0,92%"
"27.07.2022","115,76","116,65","116,65","114,20","2,92M","-0,58%"
"26.07.2022","116,43","116,65","117,53","115,44","3,09M","0,88%"
"25.07.2022","115,42","112,23","117,44","111,87","6,66M","3,25%"
"22.07.2022","111,79","119,03","119,03","111,56","16,26M","-3,44%"
"21.07.2022","115,76","117,71","117,71","115,33","5,22M","-2,01%"
"20.07.2022","118,14","120,09","120,09","116,73","2,25M","-0,93%"
"19.07.2022","119,24","119,30","120,70","117,55","5,03M","1,44%"
"18.07.2022","117,55","118,41","119,99","117,46","3,08M","0,03%"
"15.07.2022","117,51","120,62","120,62","115,49","14,90M","-0,76%"
"14.07.2022","118,41","123,72","123,72","118,41","40,63M","-4,96%"
"13.07.2022","124,60","126,37","127,44","122,94","42,83M","-2,25%"
"12.07.2022","127,47","126,94","128,52","125,92","24,69M","-0,86%"
"11.07.2022","128,58","131,67","131,67","126,98","40,16M","-2,38%"
"08.07.2022","131,70","131,67","132,11","131,23","24,19M","-0,31%"
"07.07.2022","132,11","132,55","132,64","131,69","58,81M","-2,29%"
"06.07.2022","135,20","131,67","136,70","129,91","28,53M","1,66%"
"05.07.2022","132,99","129,89","135,20","128,15","53,00M","1,80%"
"04.07.2022","130,64","128,12","131,23","128,12","10,44M","1,96%"
"01.07.2022","128,13","127,78","129,02","125,48","44,38M","0,01%"
"30.06.2022","128,12","128,82","128,82","124,60","9,20M","-0,85%"
"29.06.2022","129,23","132,46","133,43","129,00","48,69M","-2,44%"
"28.06.2022","132,46","136,78","136,78","129,90","43,44M","-1,11%"
"24.06.2022","133,96","134,14","135,20","130,78","6,67M","1,13%"
"23.06.2022","132,46","133,44","134,32","130,78","35,61M","-1,05%"
"22.06.2022","133,87","132,99","135,64","131,76","9,72M","0,56%"
"20.06.2022","133,13","130,78","133,75","130,78","26,90M","1,11%"
"17.06.2022","131,67","132,55","132,55","129,90","6,95M","0,07%"
"16.06.2022","131,57","136,08","136,26","130,78","41,05M","-5,15%"
"15.06.2022","138,71","138,74","138,74","136,26","41,96M","-0,06%"
"14.06.2022","138,79","136,97","141,21","128,13","21,75M","1,66%"
"13.06.2022","136,53","138,03","140,11","136,09","40,47M","-4,16%"
"10.06.2022","142,46","142,27","143,86","140,43","2,47M","-1,10%"
"09.06.2022","144,04","138,32","144,05","138,32","67,05M","2,19%"
"08.06.2022","140,95","138,83","141,30","137,42","31,53M","1,59%"
"07.06.2022","138,74","138,69","139,62","136,97","34,70M","0,49%"
"06.06.2022","138,06","134,85","139,18","129,46","19,20M","2,12%"
"03.06.2022","135,19","132,45","136,97","131,85","35,96M","1,99%"
"02.06.2022","132,55","129,72","132,55","127,28","6,42M","1,26%"
"01.06.2022","130,91","126,37","131,50","126,37","29,36M","-1,24%"
"31.05.2022","132,55","134,33","134,33","130,81","7,31M","-1,96%"
"30.05.2022","135,20","137,07","137,40","134,32","47,77M","-1,29%"
"27.05.2022","136,97","139,18","139,18","136,09","8,36M","-1,21%"
"26.05.2022","138,65","136,97","138,74","131,67","55,28M","1,23%"
"25.05.2022","136,97","121,15","137,85","121,15","28,50M","13,91%"
"24.05.2022","120,24","116,20","120,98","116,20","3,47M","0,82%"
"23.05.2022","119,27","118,41","119,30","116,65","2,04M","1,21%"
"20.05.2022","117,84","117,59","119,30","116,73","405,93K","0,21%"
"19.05.2022","117,59","119,92","119,92","117,53","2,82M","-1,87%"
"18.05.2022","119,83","124,33","124,34","121,91","3,06M","-3,43%"
"17.05.2022","124,09","116,65","124,09","116,65","7,56M","3,01%"
"16.05.2022","120,46","115,76","121,68","114,88","1,72M","1,05%"
"13.05.2022","119,22","117,17","120,00","117,17","4,35M","4,38%"
"12.05.2022","114,22","110,90","114,88","110,90","7,07M","2,58%"
"11.05.2022","111,34","110,46","111,34","106,88","2,36M","0,79%"
"10.05.2022","110,47","110,46","111,34","110,46","770,23K","-0,50%"
"09.05.2022","111,03","113,10","113,10","110,46","1,87M","-1,84%"
"06.05.2022","113,11","113,02","113,11","110,46","2,82M","1,23%"
"05.05.2022","111,73","112,21","112,29","111,39","2,06M","-2,04%"
"04.05.2022","114,06","112,21","114,50","111,78","2,88M","1,91%"
"03.05.2022","111,92","112,21","112,21","110,08","2,44M","1,98%"
"02.05.2022","109,75","111,34","111,38","108,81","2,79M","-1,42%"
"29.04.2022","111,33","114,67","114,67","110,53","1,41M","-0,55%"
"28.04.2022","111,95","111,63","112,21","110,59","4,71M","1,29%"
"27.04.2022","110,53","111,78","112,21","110,51","1,35M","-1,01%"
"26.04.2022","111,65","113,91","113,91","111,36","1,79M","-2,07%"
"25.04.2022","114,00","113,91","114,84","113,14","1,40M","-0,73%"
"22.04.2022","114,84","115,40","115,40","114,76","1,06M","-0,98%"
"21.04.2022","115,97","115,44","117,31","115,40","2,74M","0,50%"
"20.04.2022","115,40","115,61","115,61","114,51","4,30M","-0,29%"
"19.04.2022","115,73","113,93","116,37","113,17","2,99M","2,35%"
"18.04.2022","113,07","114,52","115,99","113,06","3,08M","-1,75%"
"14.04.2022","115,08","113,91","115,99","113,91","351,98K","0,27%"
"13.04.2022","114,77","114,76","117,22","114,76","1,45M","-0,01%"
"12.04.2022","114,78","115,55","118,84","114,33","1,46M","-0,67%"
"11.04.2022","115,55","116,29","116,29","114,00","1,58M","-0,47%"
"08.04.2022","116,09","116,46","118,07","115,74","493,93K","-0,21%"
"07.04.2022","116,34","118,16","118,16","115,86","1,52M","-1,53%"
"06.04.2022","118,15","118,16","118,75","116,88","2,05M","-0,97%"
"05.04.2022","119,31","120,71","121,56","119,01","1,42M","-0,81%"
"04.04.2022","120,28","121,56","121,56","119,52","1,83M","0,80%"
"01.04.2022","119,33","121,47","122,41","119,00","2,47M","-1,07%"
"31.03.2022","120,62","119,49","121,13","119,49","830,06K","0,82%"
"30.03.2022","119,64","122,23","122,23","119,23","2,18M","-1,30%"
"29.03.2022","121,21","122,40","124,11","120,88","1,23M","-1,45%"
"28.03.2022","123,00","126,38","127,93","122,07","3,02M","-1,44%"
"25.03.2022","124,79","124,45","124,96","121,64","1,26M","0,67%"
"24.03.2022","123,96","121,13","124,06","119,86","1,62M","2,55%"
"23.03.2022","120,89","123,26","123,26","120,05","5,39M","-0,61%"
"22.03.2022","121,63","124,96","126,57","121,56","26,07M","-2,60%"
"21.03.2022","124,87","123,26","125,64","121,15","6,69M","4,18%"
"18.03.2022","119,86","122,41","126,57","119,86","19,18M","-4,41%"
"17.03.2022","125,38","123,26","125,38","119,45","7,33M","2,43%"
"16.03.2022","122,41","122,40","125,55","122,40","8,33M","0,35%"
"15.03.2022","121,98","119,86","122,41","119,86","2,18M","1,18%"
"14.03.2022","120,56","120,71","122,41","117,32","1,49M","-1,64%"
"11.03.2022","122,57","124,96","124,96","120,76","3,17M","-0,57%"
"10.03.2022","123,28","127,51","129,63","121,58","2,22M","-2,01%"
"09.03.2022","125,81","123,28","127,51","123,28","3,23M","4,97%"
"08.03.2022","119,85","115,62","122,41","115,62","2,94M","3,97%"
"07.03.2022","115,28","112,63","115,61","112,63","2,93M","2,13%"
"04.03.2022","112,87","112,21","113,06","111,87","1,23M","1,76%"
"03.03.2022","110,92","111,23","113,05","110,51","1,13M","-0,32%"
"02.03.2022","111,27","113,08","113,72","110,59","2,19M","-0,83%"
"01.03.2022","112,21","113,23","115,03","112,21","4,24M","-0,75%"
"28.02.2022","113,06","113,91","114,76","112,77","2,27M","-0,75%"
"25.02.2022","113,91","113,91","120,71","113,91","2,88M","0,00%"
"24.02.2022","113,91","113,91","115,60","106,26","2,57M","-1,62%"
"23.02.2022","115,78","120,28","120,69","114,84","3,46M","-2,48%"
"22.02.2022","118,72","120,28","120,28","117,31","3,87M","-1,16%"
"21.02.2022","120,11","120,79","122,32","119,52","645,91K","-1,60%"
"18.02.2022","122,07","121,56","124,96","121,56","3,57M","-1,04%"
"17.02.2022","123,35","125,81","125,81","120,71","1,44M","-1,59%"
"16.02.2022","125,34","125,81","126,66","124,20","507,37K","-0,37%"
"15.02.2022","125,81","129,21","129,21","125,04","1,53M","-0,34%"
"14.02.2022","126,23","129,44","129,44","124,97","2,59M","-2,48%"
"11.02.2022","129,44","131,76","131,76","128,02","2,05M","-1,97%"
"10.02.2022","132,04","136,01","136,01","131,75","1,97M","-0,92%"
"09.02.2022","133,27","133,27","135,15","133,27","1,47M","0,00%"
"08.02.2022","133,27","132,60","133,46","130,57","2,11M","0,35%"
"07.02.2022","132,81","133,45","135,15","131,77","1,25M","-0,99%"
"04.02.2022","134,14","138,56","139,33","133,47","1,95M","-1,31%"
"03.02.2022","135,93","141,11","141,11","135,93","3,63M","-3,67%"
"02.02.2022","141,11","140,26","141,96","138,56","3,21M","0,77%"
"01.02.2022","140,03","140,26","140,77","138,17","1,42M","-0,71%"
"31.01.2022","141,03","138,39","141,88","136,01","3,68M","1,90%"
"28.01.2022","138,39","135,46","139,41","133,46","6,66M","2,13%"
"27.01.2022","135,50","131,76","135,50","131,72","4,25M","2,85%"
"26.01.2022","131,74","126,44","131,76","126,44","8,41M","3,15%"
"25.01.2022","127,72","125,81","128,36","125,81","3,15M","1,52%"
"24.01.2022","125,81","128,37","128,37","122,49","3,55M","-2,70%"
"21.01.2022","129,29","122,83","130,06","122,83","8,49M","6,36%"
"20.01.2022","121,56","118,63","121,56","118,63","2,05M","0,39%"
"19.01.2022","121,08","122,40","122,83","120,71","1,10M","-0,09%"
"18.01.2022","121,19","119,69","122,41","118,24","855,20K","1,29%"
"17.01.2022","119,65","119,01","120,24","117,31","1,44M","0,54%"
"14.01.2022","119,01","120,71","121,55","119,01","3,28M","-1,96%"
"13.01.2022","121,39","121,13","123,26","121,13","2,74M","-0,07%"
"12.01.2022","121,47","119,77","122,32","119,77","5,11M","2,07%"
"11.01.2022","119,01","118,16","119,01","116,88","3,42M","1,83%"
"10.01.2022","116,87","114,85","116,88","114,85","1,59M","0,54%"
"07.01.2022","116,24","117,31","118,16","114,94","2,96M","-0,91%"
"06.01.2022","117,31","116,03","117,31","114,76","1,12M","1,10%"
"05.01.2022","116,03","113,91","116,03","113,48","1,96M","1,04%"
"04.01.2022","114,84","114,97","117,31","113,19","1,89M","-1,11%"
"03.01.2022","116,12","117,22","117,31","114,34","1,72M","-0,65%"
"30.12.2021","116,88","117,51","117,51","116,05","612,93K","0,46%"
"29.12.2021","116,35","116,46","116,46","114,78","838,00K","-0,09%"
"28.12.2021","116,46","116,88","118,16","115,61","3,64M","0,45%"
"27.12.2021","115,94","114,76","117,29","114,76","2,38M","1,69%"
"24.12.2021","114,01","114,75","114,75","112,29","1,79M","1,80%"
"23.12.2021","112,00","111,36","112,97","110,85","2,31M","2,83%"
"22.12.2021","108,91","109,66","111,36","108,81","1,82M","-0,68%"
"21.12.2021","109,66","111,27","112,20","109,66","2,99M","1,33%"
"20.12.2021","108,22","102,14","109,74","100,31","5,48M","-1,20%"
"17.12.2021","109,53","119,00","119,00","109,32","12,13M","-1,25%"
"16.12.2021","110,92","112,58","115,12","110,92","8,43M","-1,48%"
"15.12.2021","112,58","111,32","112,71","108,24","4,02M","4,21%"
"14.12.2021","108,03","111,78","112,85","107,55","5,85M","-3,57%"
"13.12.2021","112,03","114,39","114,39","110,93","4,00M","-0,66%"
"10.12.2021","112,77","110,55","113,23","110,55","2,34M","1,31%"
"09.12.2021","111,32","109,49","111,78","109,47","3,12M","1,73%"
"07.12.2021","109,43","111,32","111,35","109,25","4,48M","-1,69%"
"06.12.2021","111,31","111,27","114,38","110,55","2,85M","1,04%"
"03.12.2021","110,16","109,02","111,32","108,94","6,64M","2,56%"
"02.12.2021","107,42","107,48","107,48","105,17","7,57M","2,52%"
"01.12.2021","104,77","107,47","109,78","104,25","5,00M","0,50%"
"30.11.2021","104,25","112,08","114,62","104,25","58,61M","-9,05%"
"29.11.2021","114,62","120,45","120,45","113,62","4,07M","-4,90%"
"26.11.2021","120,53","118,01","121,30","115,15","9,01M","2,13%"
"25.11.2021","118,01","115,15","118,22","113,46","2,24M","2,34%"
"24.11.2021","115,32","122,82","122,82","115,15","3,98M","-2,14%"
"23.11.2021","117,84","118,99","119,76","115,15","7,77M","-0,97%"
"22.11.2021","118,99","109,40","120,74","109,40","14,92M","14,16%"
"19.11.2021","104,23","103,62","106,70","102,76","6,83M","1,47%"
"18.11.2021","102,72","100,72","102,87","98,34","4,10M","2,12%"
"17.11.2021","100,58","104,68","105,93","99,93","2,95M","-4,88%"
"16.11.2021","105,74","110,37","110,37","104,41","2,83M","-5,15%"
"15.11.2021","111,48","118,22","118,22","111,32","2,60M","-5,08%"
"12.11.2021","117,46","121,56","121,56","116,69","4,02M","-2,52%"
"11.11.2021","120,49","116,69","121,68","116,68","1,77M","2,81%"
"10.11.2021","117,20","116,69","118,92","115,15","3,66M","1,56%"
"09.11.2021","115,39","109,78","117,76","107,90","3,90M","3,13%"
"08.11.2021","111,89","115,18","115,18","111,55","2,13M","-1,55%"
"05.11.2021","113,65","110,16","115,92","110,16","7,18M","3,16%"
"04.11.2021","110,16","111,25","111,31","109,04","10,68M","2,46%"
"03.11.2021","107,52","105,02","110,55","105,02","3,76M","2,41%"
"02.11.2021","104,99","105,63","105,95","102,26","8,71M","-0,61%"
"29.10.2021","105,63","101,77","105,63","99,82","1,00M","3,80%"
"28.10.2021","101,77","103,64","104,03","101,34","858,72K","-1,06%"
"27.10.2021","102,86","106,71","106,71","102,10","1,92M","-2,77%"
"26.10.2021","105,78","105,39","107,00","104,41","1,76M","1,38%"
"25.10.2021","104,35","103,64","107,48","103,64","4,05M","2,98%"
"22.10.2021","101,33","98,93","102,10","97,96","2,40M","4,05%"
"21.10.2021","97,38","98,26","103,64","96,74","3,39M","0,19%"
"20.10.2021","97,20","96,73","99,42","95,96","3,52M","0,48%"
"19.10.2021","96,73","99,80","99,80","95,28","2,58M","-0,16%"
"18.10.2021","96,88","99,80","100,57","96,81","1,20M","-3,06%"
"15.10.2021","99,95","102,31","103,64","98,57","3,32M","-2,18%"
"14.10.2021","102,17","105,00","105,94","100,61","1,46M","-2,69%"
"13.10.2021","105,00","109,40","109,40","103,98","2,22M","-3,38%"
"12.10.2021","108,67","107,09","111,28","106,33","1,64M","0,21%"
"08.10.2021","108,44","108,55","114,37","107,48","995,70K","0,89%"
"07.10.2021","107,48","104,41","107,48","102,10","5,06M","4,20%"
"06.10.2021","103,15","105,94","105,94","102,49","3,60M","-3,13%"
"05.10.2021","106,48","109,78","111,32","106,48","2,91M","-1,70%"
"04.10.2021","108,32","112,13","113,23","107,94","4,87M","-4,34%"
"01.10.2021","113,23","115,23","116,38","112,68","1,76M","-1,03%"
"30.09.2021","114,42","116,69","116,69","113,77","2,63M","-1,92%"
"29.09.2021","116,65","116,42","118,61","116,32","1,89M","0,20%"
"28.09.2021","116,42","118,48","118,99","116,15","2,64M","-1,74%"
"27.09.2021","118,48","118,99","122,06","118,30","2,07M","-1,33%"
"24.09.2021","120,08","118,61","121,14","116,73","1,03M","0,95%"
"23.09.2021","118,95","119,03","120,44","118,31","3,58M","-0,07%"
"22.09.2021","119,03","115,88","121,22","115,88","3,21M","2,47%"
"21.09.2021","116,16","118,99","122,60","116,16","4,34M","-2,38%"
"20.09.2021","118,99","121,60","121,60","118,15","3,53M","-3,12%"
"16.09.2021","122,83","122,83","124,73","122,82","1,32M","0,03%"
"15.09.2021","122,80","122,06","125,13","119,84","3,25M","1,56%"
"14.09.2021","120,91","122,83","123,70","120,91","2,59M","-1,54%"
"13.09.2021","122,81","125,16","125,90","122,81","2,13M","-0,66%"
"10.09.2021","123,63","125,52","125,52","123,12","1,35M","0,65%"
"09.09.2021","122,83","123,21","129,73","121,29","4,79M","-1,93%"
"08.09.2021","125,25","128,97","130,51","123,83","3,54M","-2,88%"
"07.09.2021","128,96","125,13","128,96","125,13","2,43M","1,88%"
"06.09.2021","126,59","128,97","128,97","124,37","782,09K","-1,21%"
"03.09.2021","128,14","128,97","128,97","126,65","1,44M","0,53%"
"02.09.2021","127,46","130,37","130,37","127,29","3,98M","-2,40%"
"01.09.2021","130,59","134,04","134,04","129,05","2,96M","-2,63%"
"31.08.2021","134,12","136,47","137,42","133,58","4,33M","-0,74%"
"30.08.2021","135,12","132,80","136,64","130,66","12,19M","4,46%"
"27.08.2021","129,36","130,20","131,27","128,20","3,41M","-0,29%"
"26.08.2021","129,73","128,60","130,43","128,60","4,35M","2,13%"
"25.08.2021","127,02","124,37","127,44","123,60","2,38M","2,78%"
"24.08.2021","123,58","124,37","124,37","122,98","1,06M","-0,32%"
"23.08.2021","123,98","122,06","123,98","121,95","1,00M","1,66%"
"20.08.2021","121,96","120,91","122,60","120,90","2,05M","0,86%"
"19.08.2021","120,91","122,83","122,83","120,51","3,47M","-2,08%"
"18.08.2021","123,48","124,29","124,83","122,83","675,18K","-0,65%"
"17.08.2021","124,29","124,37","125,14","122,45","3,74M","0,15%"
"16.08.2021","124,11","125,13","125,67","123,45","1,06M","-0,54%"
"13.08.2021","124,77","121,30","124,97","121,30","15,75M","3,73%"
"12.08.2021","120,29","122,83","122,83","119,76","4,06M","0,83%"
"11.08.2021","119,30","118,69","123,59","116,69","10,82M","1,20%"
"10.08.2021","117,88","115,15","118,69","112,13","6,08M","2,37%"
"09.08.2021","115,15","118,99","119,41","115,15","6,99M","-3,00%"
"06.08.2021","118,72","117,80","119,76","117,46","4,23M","0,78%"
"05.08.2021","117,80","118,99","119,68","116,31","9,94M","-1,57%"
"04.08.2021","119,68","121,30","122,83","119,17","7,32M","-0,70%"
"03.08.2021","120,53","123,75","124,08","119,93","11,12M","-2,61%"
"02.08.2021","123,75","125,97","127,05","122,83","2,00M","-0,78%"
"30.07.2021","124,72","128,20","128,20","122,83","4,52M","-2,71%"
"29.07.2021","128,20","128,97","128,99","125,90","1,58M","0,60%"
"28.07.2021","127,44","126,67","129,74","122,83","3,86M","2,47%"
"27.07.2021","124,37","128,97","128,97","122,83","7,28M","-1,82%"
"26.07.2021","126,67","131,28","131,28","126,67","1,93M","-2,67%"
"23.07.2021","130,14","133,96","133,96","130,12","3,42M","-2,83%"
"22.07.2021","133,93","136,96","138,57","133,19","4,77M","-2,21%"
"21.07.2021","136,96","140,95","141,72","136,64","4,29M","-0,78%"
"20.07.2021","138,04","139,72","141,64","137,42","6,83M","-0,27%"
"19.07.2021","138,42","138,18","142,02","138,07","5,07M","4,16%"
"15.07.2021","132,89","130,14","135,50","127,05","4,11M","2,11%"
"14.07.2021","130,14","132,82","133,58","129,74","2,61M","-2,57%"
"13.07.2021","133,58","136,95","136,95","133,58","1,54M","-1,48%"
"12.07.2021","135,59","140,73","140,73","135,18","1,70M","-2,69%"
"09.07.2021","139,34","140,49","141,63","139,03","1,75M","-0,27%"
"08.07.2021","139,72","140,49","143,56","138,95","6,82M","-2,34%"
"07.07.2021","143,08","142,02","144,71","140,49","1,62M","1,93%"
"06.07.2021","140,37","147,54","147,54","139,95","4,10M","-3,76%"
"05.07.2021","145,85","144,33","147,40","142,79","1,95M","1,53%"
"02.07.2021","143,65","147,32","147,32","143,04","2,19M","-1,52%"
"01.07.2021","145,86","146,63","148,09","145,19","8,92M","0,53%"
"30.06.2021","145,09","147,47","148,17","144,33","2,59M","-1,20%"
"29.06.2021","146,86","153,54","153,54","145,86","3,61M","-1,90%"
"25.06.2021","149,70","155,84","156,61","149,09","4,47M","-2,74%"
"24.06.2021","153,92","154,31","155,44","152,85","6,55M","0,70%"
"23.06.2021","152,85","155,84","158,91","152,16","5,07M","-1,94%"
"22.06.2021","155,86","156,61","157,72","154,31","1,31M","-0,40%"
"18.06.2021","156,49","153,54","156,49","152,77","2,05M","1,93%"
"17.06.2021","153,54","155,09","155,09","149,75","3,03M","0,00%"
"16.06.2021","153,54","154,88","155,84","153,54","1,58M","-0,87%"
"15.06.2021","154,88","159,68","159,68","154,30","2,85M","-2,06%"
"14.06.2021","158,15","155,38","158,15","153,72","4,76M","4,57%"
"11.06.2021","151,24","151,93","155,61","151,24","2,60M","-0,51%"
"10.06.2021","152,00","155,84","159,91","148,16","3,59M","-1,98%"
"09.06.2021","155,07","150,16","155,15","150,16","2,71M","3,27%"
"08.06.2021","150,16","140,49","150,47","140,47","2,54M","4,77%"
"07.06.2021","143,33","153,54","154,31","139,33","8,81M","-4,30%"
"04.06.2021","149,77","149,70","155,83","145,86","3,37M","-0,44%"
"03.06.2021","150,43","158,15","158,91","148,17","3,49M","-5,33%"
"02.06.2021","158,91","159,68","162,73","158,15","4,51M","0,97%"
"01.06.2021","157,38","159,43","160,43","156,61","6,60M","0,24%"
"31.05.2021","157,00","161,98","164,29","156,61","7,07M","-1,74%"
"28.05.2021","159,79","156,99","160,45","155,06","8,28M","4,97%"
"27.05.2021","152,22","158,91","160,83","152,22","17,93M","-0,36%"
"26.05.2021","152,77","146,71","155,86","146,25","6,58M","4,46%"
"25.05.2021","146,25","152,00","153,31","145,09","12,04M","-2,31%"
"24.05.2021","149,70","161,22","161,22","147,40","8,72M","-3,56%"
"20.05.2021","155,23","157,41","160,99","149,71","5,12M","-1,20%"
"19.05.2021","157,11","162,75","165,05","155,37","2,42M","-1,61%"
"18.05.2021","159,68","163,52","165,06","153,77","5,47M","1,46%"
"17.05.2021","157,38","171,20","171,20","157,38","5,89M","-12,02%"
"14.05.2021","178,88","178,11","184,17","176,34","5,15M","0,44%"
"13.05.2021","178,11","185,78","185,78","178,11","7,74M","-3,33%"
"12.05.2021","184,25","180,79","184,25","178,10","4,22M","2,12%"
"11.05.2021","180,42","183,48","183,48","174,37","2,54M","-0,43%"
"10.05.2021","181,20","180,41","185,78","179,58","5,78M","1,74%"
"07.05.2021","178,11","178,87","180,41","176,57","3,03M","0,60%"
"06.05.2021","177,04","182,33","182,33","175,42","1,31M","-1,87%"
"05.05.2021","180,41","179,64","181,94","178,11","2,45M","1,95%"
"04.05.2021","176,95","178,87","181,87","176,65","3,69M","-1,07%"
"03.05.2021","178,87","177,26","179,56","176,02","4,08M","2,64%"
"30.04.2021","174,27","183,47","183,48","174,27","2,96M","-1,57%"
"29.04.2021","177,05","180,48","184,25","176,58","4,99M","-2,49%"
"28.04.2021","181,56","186,17","188,85","178,47","6,95M","-2,47%"
"27.04.2021","186,17","190,40","191,92","185,09","5,50M","-2,95%"
"26.04.2021","191,83","199,60","199,60","190,38","10,18M","-2,05%"
"23.04.2021","195,84","194,19","203,44","194,19","4,85M","-0,16%"
"22.04.2021","196,15","202,29","204,97","193,45","8,77M","-3,07%"
"21.04.2021","202,36","208,57","208,57","201,90","4,04M","-2,01%"
"20.04.2021","206,51","212,63","214,72","204,97","5,29M","-2,89%"
"19.04.2021","212,65","214,57","214,95","211,12","3,78M","-0,13%"
"16.04.2021","212,92","204,38","214,21","204,21","5,23M","4,68%"
"15.04.2021","203,40","204,21","204,38","200,52","8,03M","0,26%"
"14.04.2021","202,88","201,14","204,20","199,72","12,94M","0,76%"
"13.04.2021","201,34","200,72","204,21","200,72","4,09M","-1,39%"
"12.04.2021","204,18","203,45","204,38","202,41","2,13M","-0,01%"
"09.04.2021","204,21","198,83","204,38","198,83","5,90M","2,33%"
"08.04.2021","199,56","198,07","200,37","196,53","2,48M","0,76%"
"07.04.2021","198,07","196,49","198,07","193,15","1,98M","0,88%"
"06.04.2021","196,35","195,81","197,30","194,23","1,62M","1,49%"
"05.04.2021","193,46","197,72","198,84","192,77","2,53M","-2,68%"
"01.04.2021","198,79","201,90","202,07","196,07","7,61M","-0,45%"
"31.03.2021","199,68","199,60","203,15","199,52","4,44M","0,81%"
"30.03.2021","198,07","195,76","198,07","192,15","4,27M","1,98%"
"29.03.2021","194,23","189,78","195,37","189,77","26,77M","3,69%"
"26.03.2021","187,31","180,42","187,31","180,42","6,22M","3,83%"
"25.03.2021","180,41","186,86","186,86","179,72","10,62M","-3,49%"
"24.03.2021","186,93","184,32","186,93","184,32","8,31M","1,42%"
"23.03.2021","184,32","184,25","187,32","182,03","9,51M","0,46%"
"22.03.2021","183,48","185,01","185,01","182,33","6,73M","-0,83%"
"19.03.2021","185,01","188,09","188,70","183,48","9,79M","-0,72%"
"18.03.2021","186,36","181,76","187,32","181,25","31,91M","2,86%"
"17.03.2021","181,18","176,57","181,18","175,80","29,59M","3,03%"
"16.03.2021","175,86","178,11","179,64","175,43","7,94M","-1,26%"
"15.03.2021","178,10","178,07","179,26","175,35","2,54M","1,52%"
"12.03.2021","175,43","176,57","176,57","172,96","3,50M","-1,23%"
"11.03.2021","177,62","181,18","181,56","176,58","8,38M","-0,27%"
"10.03.2021","178,11","180,86","182,52","178,11","5,81M","-0,74%"
"09.03.2021","179,44","178,87","181,93","178,87","5,86M","0,30%"
"08.03.2021","178,90","185,17","185,17","178,90","5,48M","-3,39%"
"05.03.2021","185,18","184,09","187,32","182,90","2,85M","0,50%"
"04.03.2021","184,26","186,09","187,33","182,80","6,33M","0,01%"
"03.03.2021","184,25","180,65","188,09","180,65","33,42M","2,13%"
"02.03.2021","180,41","180,71","182,02","180,41","3,59M","-0,17%"
"01.03.2021","180,71","179,26","182,63","179,26","3,41M","1,03%"
"26.02.2021","178,87","176,57","179,26","175,05","4,34M","1,34%"
"25.02.2021","176,51","175,70","178,41","175,70","3,61M","0,84%"
"24.02.2021","175,03","170,43","175,80","170,43","7,40M","2,70%"
"23.02.2021","170,43","172,92","172,92","170,43","1,73M","-2,43%"
"22.02.2021","174,67","174,65","177,78","173,88","738,80K","-0,96%"
"19.02.2021","176,36","172,35","176,57","172,35","1,10M","2,79%"
"18.02.2021","171,58","174,65","175,42","170,81","825,98K","-1,55%"
"17.02.2021","174,29","177,34","177,64","173,50","850,61K","-1,72%"
"16.02.2021","177,34","174,83","178,10","174,83","710,52K","0,43%"
"15.02.2021","176,57","175,80","177,34","175,80","550,66K","0,79%"
"12.02.2021","175,18","180,09","180,09","174,53","1,38M","-2,36%"
"11.02.2021","179,41","178,15","179,41","175,04","2,74M","0,71%"
"10.02.2021","178,15","181,18","182,71","177,34","436,76K","-1,04%"
"09.02.2021","180,02","176,57","180,02","175,15","1,07M","0,76%"
"08.02.2021","178,67","180,41","180,41","176,49","748,36K","0,33%"
"05.02.2021","178,09","176,57","178,09","174,27","870,83K","1,79%"
"04.02.2021","174,97","177,29","178,11","173,18","1,10M","-0,59%"
"03.02.2021","176,01","180,41","180,64","174,27","2,57M","-0,75%"
"02.02.2021","177,34","174,90","184,17","174,90","1,45M","1,42%"
"01.02.2021","174,86","174,24","176,09","171,00","784,71K","4,48%"
"29.01.2021","167,36","172,96","172,96","167,36","2,42M","-2,03%"
"28.01.2021","170,82","171,45","172,89","168,90","535,28K","-1,21%"
"27.01.2021","172,91","172,73","175,03","171,89","951,23K","-1,81%"
"26.01.2021","176,10","179,66","179,66","175,80","897,31K","-1,27%"
"25.01.2021","178,37","181,94","183,48","176,57","883,59K","-1,58%"
"22.01.2021","181,24","186,47","186,47","181,18","1,34M","-3,14%"
"21.01.2021","187,12","190,46","191,69","186,55","2,84M","-1,36%"
"20.01.2021","189,70","186,55","189,70","184,25","6,25M","1,94%"
"19.01.2021","186,09","181,94","187,32","181,94","2,91M","3,00%"
"18.01.2021","180,68","181,18","181,56","175,80","3,30M","-0,02%"
"15.01.2021","180,71","186,54","187,32","179,03","1,67M","-2,42%"
"14.01.2021","185,18","180,94","186,57","178,87","3,51M","3,97%"
"13.01.2021","178,11","173,50","180,41","173,50","6,84M","3,03%"
"12.01.2021","172,87","171,27","175,03","171,27","1,00M","0,98%"
"11.01.2021","171,20","168,89","175,03","168,89","2,15M","-2,52%"
"08.01.2021","175,62","172,73","178,64","171,20","3,65M","1,92%"
"07.01.2021","172,30","171,58","172,58","170,12","858,20K","1,35%"
"06.01.2021","170,01","168,89","171,96","168,89","3,30M","0,43%"
"05.01.2021","169,28","170,43","172,58","168,89","4,39M","-0,23%"
"04.01.2021","169,66","169,66","173,73","169,28","1,78M","0,00%"